"Status","ExecutionID","EntryTime","ContactID","First Name","Last Name","Company","Email Address","Mobile Phone","Subdomain","Country"
"Being processed by app","224941","2025-11-13 17:09:40","308","Lamole","","","chito+1@burstsms.com","","burst","AU"
"Being processed by app","224941","2025-11-13 17:09:40","309","Maree","","","chito+2@burstsms.com","","burst",""
"Being processed by app","224941","2025-11-13 17:09:40","310","Jenny","","","chito+3@burstsms.com","","burst",""
"Being processed by app","224941","2025-11-13 17:09:40","311","Allan","","","chito+4@burstsms.com","","burst",""
"Being processed by app","224941","2025-11-13 17:09:40","312","Greg","Fisk","","chito+5@burstsms.com","","burst",""
"Being processed by app","224941","2025-11-13 17:09:40","313","Daniel","Owers","","chito+6@burstsms.com","","burst",""
"Being processed by app","224941","2025-11-13 17:09:40","314","Peter","Cran","","chito+7@burstsms.com","","burst",""
"Being processed by app","224941","2025-11-13 17:09:40","315","Andrew","","","chito+8@burstsms.com","","burst",""
"Being processed by app","224941","2025-11-13 17:09:40","316","Garry","Claridge","","chito+9@burstsms.com","","burst",""
"Being processed by app","224941","2025-11-13 17:09:40","317","Fred","Khoury","","chito+10@burstsms.com","","burst",""
"Being processed by app","224941","2025-11-13 17:09:40","318","Kathie","","","chito+11@burstsms.com","","burst",""
"Being processed by app","224941","2025-11-13 17:09:40","319","Shane","","","chito+12@burstsms.com","","burst",""
"Being processed by app","224941","2025-11-13 17:09:40","320","Philip","Penman","","chito+13@burstsms.com","","burst",""
"Being processed by app","224941","2025-11-13 17:09:40","321","Holli","Hahn","","chito+14@burstsms.com","","burst",""
"Being processed by app","224941","2025-11-13 17:09:40","322","Tanya","Duncan","","chito+15@burstsms.com","","burst",""
"Being processed by app","224941","2025-11-13 17:09:40","323","Jessica","","","chito+16@burstsms.com","","burst",""
"Being processed by app","224941","2025-11-13 17:09:40","324","Rosa","Choi","","chito+17@burstsms.com","","burst",""
"Being processed by app","224941","2025-11-13 17:09:40","325","Sharon","McCosker","","chito+18@burstsms.com","","burst",""
"Being processed by app","224941","2025-11-13 17:09:40","326","Adrian","","","chito+19@burstsms.com","","burst",""
"Being processed by app","224941","2025-11-13 17:09:40","327","Rob","","","chito+20@burstsms.com","","burst",""
"Being processed by app","224941","2025-11-13 17:09:40","328","Ian","Frost","","chito+21@burstsms.com","","burst",""
"Being processed by app","224941","2025-11-13 17:09:40","329","MICC Customer","","","chito+22@burstsms.com","","burst",""
"Being processed by app","224941","2025-11-13 17:09:40","330","Anthony","O'Brien","","chito+23@burstsms.com","","burst",""
"Being processed by app","224941","2025-11-13 17:09:40","331","Patrick","","","chito+24@burstsms.com","","burst",""
"Being processed by app","224941","2025-11-13 17:09:40","332","MIke","Klein","","chito+25@burstsms.com","","burst",""
"Being processed by app","224941","2025-11-13 17:09:40","333","Charlotte","","","chito+26@burstsms.com","","burst",""
"Being processed by app","224941","2025-11-13 17:09:40","334","Tania","","","chito+27@burstsms.com","","burst",""
"Being processed by app","224941","2025-11-13 17:09:40","335","Weison","","","chito+28@burstsms.com","","burst",""
"Being processed by app","224941","2025-11-13 17:09:40","336","Patrick","","","chito+29@burstsms.com","","burst",""
"Being processed by app","224941","2025-11-13 17:09:40","337","James","Courtney","","chito+30@burstsms.com","","burst",""
"Being processed by app","224941","2025-11-13 17:09:40","338","Des","Lawson","","chito+31@burstsms.com","","burst",""
"Being processed by app","224941","2025-11-13 17:09:40","339","Kylie","Keioskie","","chito+32@burstsms.com","","burst",""
"Being processed by app","224941","2025-11-13 17:09:40","340","Lincoln","Parker","","chito+33@burstsms.com","","burst",""
"Being processed by app","224941","2025-11-13 17:09:40","341","Christiane","","","chito+34@burstsms.com","","burst",""
"Being processed by app","224941","2025-11-13 17:09:40","342","Jason","","","chito+35@burstsms.com","","burst",""
"Being processed by app","224941","2025-11-13 17:09:40","343","Tim","","","chito+36@burstsms.com","","burst",""
"Being processed by app","224941","2025-11-13 17:09:40","344","Ignatius","Tse","","chito+37@burstsms.com","","burst",""
"Being processed by app","224941","2025-11-13 17:09:40","345","Daria","Mundle","","chito+38@burstsms.com","","burst",""
"Being processed by app","224941","2025-11-13 17:09:40","346","David","Zanker","","chito+39@burstsms.com","","burst",""
"Being processed by app","224941","2025-11-13 17:09:40","347","Kate","","","chito+40@burstsms.com","","burst",""
"Being processed by app","224941","2025-11-13 17:09:40","348","Michael","","","chito+41@burstsms.com","","burst",""
"Being processed by app","224941","2025-11-13 17:09:40","349","David","VAUGHAN","","chito+42@burstsms.com","","burst",""
"Being processed by app","224941","2025-11-13 17:09:40","350","All Turf","","","chito+43@burstsms.com","","burst",""
"Being processed by app","224941","2025-11-13 17:09:40","351","Tania","","","chito+44@burstsms.com","","burst",""
"Being processed by app","224941","2025-11-13 17:09:40","352","Melinda","Zanetich","","chito+45@burstsms.com","","burst",""
"Being processed by app","224941","2025-11-13 17:09:40","353","Dave","","","chito+46@burstsms.com","","burst",""
"Being processed by app","224941","2025-11-13 17:09:40","354","Neville","","","chito+47@burstsms.com","","burst",""
"Being processed by app","224941","2025-11-13 17:09:40","355","Accor IT Alerts -","ANZ","","chito+48@burstsms.com","","burst",""
"Being processed by app","224941","2025-11-13 17:09:40","356","Alexa","Honey","","chito+49@burstsms.com","","burst",""
"Being processed by app","224941","2025-11-13 17:09:40","357","Chris","Bennett","","chito+50@burstsms.com","","burst",""
"Being processed by app","224941","2025-11-13 17:09:40","358","Paul","","","chito+51@burstsms.com","","burst",""
"Being processed by app","224941","2025-11-13 17:09:40","359","Nick","","","chito+52@burstsms.com","","burst",""
"Being processed by app","224941","2025-11-13 17:09:40","360","David","Gawler","","chito+53@burstsms.com","","burst",""
"Being processed by app","224941","2025-11-13 17:09:40","361","Kaushik","","","chito+54@burstsms.com","","burst",""
"Being processed by app","224941","2025-11-13 17:09:40","362","Henrietta","Chow","","chito+55@burstsms.com","","burst",""
"Being processed by app","224941","2025-11-13 17:09:40","363","Richard","","","chito+56@burstsms.com","","burst",""
"Being processed by app","224941","2025-11-13 17:09:40","364","James","Moore","","chito+57@burstsms.com","","burst",""
"Being processed by app","224941","2025-11-13 17:09:40","365","Shaun","O sullivan","","chito+58@burstsms.com","","burst",""
"Being processed by app","224941","2025-11-13 17:09:40","366","Jenny","","","chito+59@burstsms.com","","burst",""
"Being processed by app","224941","2025-11-13 17:09:40","367","Jerome","Carpen","","chito+60@burstsms.com","","burst",""
"Being processed by app","224941","2025-11-13 17:09:40","368","Chris","","","chito+61@burstsms.com","","burst",""
"Being processed by app","224941","2025-11-13 17:09:40","369","Whitney","Sellnow","","chito+62@burstsms.com","","burst",""
"Being processed by app","224941","2025-11-13 17:09:40","370","Tony","Smith","","chito+63@burstsms.com","","burst",""
"Being processed by app","224941","2025-11-13 17:09:40","371","Daniel","Fuchs","","chito+64@burstsms.com","","burst",""
"Being processed by app","224941","2025-11-13 17:09:40","372","Caroline","Marvelli","","chito+65@burstsms.com","","burst",""
"Being processed by app","224941","2025-11-13 17:09:40","373","Sarah","","","chito+66@burstsms.com","","burst",""
"Being processed by app","224941","2025-11-13 17:09:40","374","Sandeep","","","chito+67@burstsms.com","","burst",""
"Being processed by app","224941","2025-11-13 17:09:40","375","Indigo","Family","","chito+68@burstsms.com","","burst",""
"Being processed by app","224941","2025-11-13 17:09:40","376","Cheryl","Korondy","","chito+69@burstsms.com","","burst",""
"Being processed by app","224941","2025-11-13 17:09:40","377","Ming","Yan","","chito+70@burstsms.com","","burst",""
"Being processed by app","224941","2025-11-13 17:09:40","378","Manh","","","chito+71@burstsms.com","","burst",""
"Being processed by app","224941","2025-11-13 17:09:40","379","Rachael","Pearce","","chito+72@burstsms.com","","burst",""
"Being processed by app","224941","2025-11-13 17:09:40","380","Ariel","Valentini","","chito+73@burstsms.com","","burst",""
"Being processed by app","224941","2025-11-13 17:09:40","381","Hussain","","","chito+74@burstsms.com","","burst",""
"Being processed by app","224941","2025-11-13 17:09:40","382","Sudesh","Gamage","","chito+75@burstsms.com","","burst",""
"Being processed by app","224941","2025-11-13 17:09:40","383","Njoud","Mohammad","","chito+76@burstsms.com","","burst",""
"Being processed by app","224941","2025-11-13 17:09:40","384","Lucy","","","chito+77@burstsms.com","","burst",""
"Being processed by app","224941","2025-11-13 17:09:40","385","Naomi","Hatton","","chito+78@burstsms.com","","burst",""
"Being processed by app","224941","2025-11-13 17:09:40","386","Pengli","","","chito+79@burstsms.com","","burst",""
"Being processed by app","224941","2025-11-13 17:09:40","387","Ben","Fuller","","chito+80@burstsms.com","","burst",""
"Being processed by app","224941","2025-11-13 17:09:40","388","Rafiqul","Islam","","chito+81@burstsms.com","","burst",""
"Being processed by app","224941","2025-11-13 17:09:40","389","Catherine","","","chito+82@burstsms.com","","burst",""
"Being processed by app","224941","2025-11-13 17:09:40","390","Jarah","","","chito+83@burstsms.com","","burst",""
"Being processed by app","224941","2025-11-13 17:09:40","391","Dayna","Watson","","chito+84@burstsms.com","","burst",""
"Being processed by app","224941","2025-11-13 17:09:40","392","Sarah","Hoggett","","chito+85@burstsms.com","","burst",""
"Being processed by app","224941","2025-11-13 17:09:40","393","Tom","","","chito+86@burstsms.com","","burst",""
"Being processed by app","224941","2025-11-13 17:09:40","394","Blake","Macpherson","","chito+87@burstsms.com","","burst",""
"Being processed by app","224941","2025-11-13 17:09:40","395","Renee","","","chito+88@burstsms.com","","burst",""
"Being processed by app","224941","2025-11-13 17:09:40","396","Burrell","","","chito+89@burstsms.com","","burst",""
"Being processed by app","224941","2025-11-13 17:09:40","397","Emapta","Helpdesk","","chito+90@burstsms.com","","burst",""
"Being processed by app","224941","2025-11-13 17:09:40","398","Kim","","","chito+91@burstsms.com","","burst",""
"Being processed by app","224941","2025-11-13 17:09:40","399","Jonathan","","","chito+92@burstsms.com","","burst",""
"Being processed by app","224941","2025-11-13 17:09:40","400","Elminio","Soto","","chito+93@burstsms.com","","burst",""
"Being processed by app","224941","2025-11-13 17:09:40","401","Marketing","","","chito+94@burstsms.com","","burst",""
"Being processed by app","224941","2025-11-13 17:09:40","402","Evolution","","","chito+95@burstsms.com","","burst",""
"Being processed by app","224941","2025-11-13 17:09:40","403","Raymond","Chong","","chito+96@burstsms.com","","burst",""
"Being processed by app","224941","2025-11-13 17:09:40","404","Neelima","","","chito+97@burstsms.com","","burst",""
"Being processed by app","224941","2025-11-13 17:09:40","405","Ashutosh","Srivastava","","chito+98@burstsms.com","","burst",""
"Being processed by app","224941","2025-11-13 17:09:40","406","Adrian","Tchordjallian","","chito+99@burstsms.com","","burst",""
"Being processed by app","224941","2025-11-13 17:09:40","407","Loretta","Nicholl","","chito+100@burstsms.com","","burst",""
"Being processed by app","224941","2025-11-13 17:09:40","408","Jodie","Alarcon","","chito+101@burstsms.com","","burst",""
"Being processed by app","224941","2025-11-13 17:09:40","409","Sharon","Sanders","","chito+102@burstsms.com","","burst",""
"Being processed by app","224941","2025-11-13 17:09:40","410","John","","","chito+103@burstsms.com","","burst",""
"Being processed by app","224941","2025-11-13 17:09:40","411","Joshua","Iaquinto","","chito+104@burstsms.com","","burst",""
"Being processed by app","224941","2025-11-13 17:09:40","412","Brian","Fogarty","","chito+105@burstsms.com","","burst",""
"Being processed by app","224941","2025-11-13 17:09:40","413","Murray","","","chito+106@burstsms.com","","burst",""
"Being processed by app","224941","2025-11-13 17:09:40","414","Yvonne","Tucker","","chito+107@burstsms.com","","burst",""
"Being processed by app","224941","2025-11-13 17:09:40","415","Paydn","","","chito+108@burstsms.com","","burst",""
"Being processed by app","224941","2025-11-13 17:09:40","416","Chad","Rosenlis","","chito+109@burstsms.com","","burst",""
"Being processed by app","224941","2025-11-13 17:09:40","417","Brett","Lai","","chito+110@burstsms.com","","burst",""
"Being processed by app","224941","2025-11-13 17:09:40","418","Hayley","","","chito+111@burstsms.com","","burst",""
"Being processed by app","224941","2025-11-13 17:09:40","419","Gemma","Stone","","chito+112@burstsms.com","","burst",""
"Being processed by app","224941","2025-11-13 17:09:40","420","Amelia Lee","Winters","","chito+113@burstsms.com","","burst",""
"Being processed by app","224941","2025-11-13 17:09:40","421","J","","","chito+114@burstsms.com","","burst",""
"Being processed by app","224941","2025-11-13 17:09:40","422","John","Francis","","chito+115@burstsms.com","","burst",""
"Being processed by app","224941","2025-11-13 17:09:40","423","M","Aly","","chito+116@burstsms.com","","burst",""
"Being processed by app","224941","2025-11-13 17:09:40","424","OLIVIA","","","chito+117@burstsms.com","","burst",""
"Being processed by app","224941","2025-11-13 17:09:40","425","Samantha","Gelderblom","","chito+118@burstsms.com","","burst",""
"Being processed by app","224941","2025-11-13 17:09:40","426","Troy","","","chito+119@burstsms.com","","burst",""
"Being processed by app","224941","2025-11-13 17:09:40","427","William","Gorman","","chito+120@burstsms.com","","burst",""
"Being processed by app","224941","2025-11-13 17:09:40","428","Sarah","Curlew","","chito+121@burstsms.com","","burst",""
"Being processed by app","224941","2025-11-13 17:09:40","429","John","Do","","chito+122@burstsms.com","","burst",""
"Being processed by app","224941","2025-11-13 17:09:40","430","Nathan","Penhaligon","","chito+123@burstsms.com","","burst",""
"Being processed by app","224941","2025-11-13 17:09:40","431","Casey","","","chito+124@burstsms.com","","burst",""
"Being processed by app","224941","2025-11-13 17:09:40","432","Steven","Forrester","","chito+125@burstsms.com","","burst",""
"Being processed by app","224941","2025-11-13 17:09:40","433","Melissa","Tuckwood","","chito+126@burstsms.com","","burst",""
"Being processed by app","224941","2025-11-13 17:09:40","434","Robert","Nanic","","chito+127@burstsms.com","","burst",""
"Being processed by app","224941","2025-11-13 17:09:40","435","Fiona","Hewish","","chito+128@burstsms.com","","burst",""
"Being processed by app","224941","2025-11-13 17:09:40","436","Emmanuel","","","chito+129@burstsms.com","","burst",""
"Being processed by app","224941","2025-11-13 17:09:40","437","Karl del","Val","","chito+130@burstsms.com","","burst",""
"Being processed by app","224941","2025-11-13 17:09:40","438","Sara","","","chito+131@burstsms.com","","burst",""
"Being processed by app","224941","2025-11-13 17:09:40","439","S","K","","chito+132@burstsms.com","","burst",""
"Being processed by app","224941","2025-11-13 17:09:40","440","Markus","","","chito+133@burstsms.com","","burst",""
"Being processed by app","224941","2025-11-13 17:09:40","441","Suraj","Paudel","","chito+134@burstsms.com","","burst",""
"Being processed by app","224941","2025-11-13 17:09:40","442","Jo","Saunders","","chito+135@burstsms.com","","burst",""
"Being processed by app","224941","2025-11-13 17:09:40","443","Connaugh","Sheehan","","chito+136@burstsms.com","","burst",""
"Being processed by app","224941","2025-11-13 17:09:40","444","Kerrin","","","chito+137@burstsms.com","","burst",""
"Being processed by app","224941","2025-11-13 17:09:40","445","Tanishka","Mishra","","chito+138@burstsms.com","","burst",""
"Being processed by app","224941","2025-11-13 17:09:40","446","Rene","Cornford","","chito+139@burstsms.com","","burst",""
"Being processed by app","224941","2025-11-13 17:09:40","447","Robert","","","chito+140@burstsms.com","","burst",""
"Being processed by app","224941","2025-11-13 17:09:40","448","Herbert","","","chito+141@burstsms.com","","burst",""
"Being processed by app","224941","2025-11-13 17:09:40","449","Joe","Mahony","","chito+142@burstsms.com","","burst",""
"Being processed by app","224941","2025-11-13 17:09:40","450","Bree Andrijich","Andrijich","","chito+143@burstsms.com","","burst",""
"Being processed by app","224941","2025-11-13 17:09:40","451","Bruce","Murphy","","chito+144@burstsms.com","","burst",""
"Being processed by app","224941","2025-11-13 17:09:40","452","Muhammad","","","chito+145@burstsms.com","","burst",""
"Being processed by app","224941","2025-11-13 17:09:40","453","Michelle Humphreys","","","chito+146@burstsms.com","","burst",""
"Being processed by app","224941","2025-11-13 17:09:40","454","Inventors","","","chito+147@burstsms.com","","burst",""
"Being processed by app","224941","2025-11-13 17:09:40","455","Deni","Curtis","","chito+148@burstsms.com","","burst",""
"Being processed by app","224941","2025-11-13 17:09:40","456","Ian","Daniel","","chito+149@burstsms.com","","burst",""
"Being processed by app","224941","2025-11-13 17:09:40","457","Ben","Simkin","","chito+150@burstsms.com","","burst",""
"Being processed by app","224941","2025-11-13 17:09:40","458","Emily","","","chito+151@burstsms.com","","burst",""
"Being processed by app","224941","2025-11-13 17:09:40","459","Matthew","","","chito+152@burstsms.com","","burst",""
"Being processed by app","224941","2025-11-13 17:09:40","460","Harish","Sabnani","","chito+153@burstsms.com","","burst",""
"Being processed by app","224941","2025-11-13 17:09:40","461","Troy","Navez","","chito+154@burstsms.com","","burst",""
"Being processed by app","224941","2025-11-13 17:09:40","462","Simon","Lange","","chito+155@burstsms.com","","burst",""
"Being processed by app","224941","2025-11-13 17:09:40","463","Richie","","","chito+156@burstsms.com","","burst",""
"Being processed by app","224941","2025-11-13 17:09:40","464","Graeme","","","chito+157@burstsms.com","","burst",""
"Being processed by app","224941","2025-11-13 17:09:40","465","Scott","Borcherdt","","chito+158@burstsms.com","","burst",""
"Being processed by app","224941","2025-11-13 17:09:40","466","Alex","","","chito+159@burstsms.com","","burst",""
"Being processed by app","224941","2025-11-13 17:09:40","467","Joe","Bartilotta","","chito+160@burstsms.com","","burst",""
"Being processed by app","224941","2025-11-13 17:09:40","468","Olivia","","","chito+161@burstsms.com","","burst",""
"Being processed by app","224941","2025-11-13 17:09:40","469","Casey","Brown","","chito+162@burstsms.com","","burst",""
"Being processed by app","224941","2025-11-13 17:09:40","470","Alex","","","chito+163@burstsms.com","","burst",""
"Being processed by app","224941","2025-11-13 17:09:40","471","Ash","Singh","","chito+164@burstsms.com","","burst",""
"Being processed by app","224941","2025-11-13 17:09:40","472","Tanya","Novek","","chito+165@burstsms.com","","burst",""
"Being processed by app","224941","2025-11-13 17:09:40","473","Catherine","","","chito+166@burstsms.com","","burst",""
"Being processed by app","224941","2025-11-13 17:09:40","474","Chenky","","","chito+167@burstsms.com","","burst",""
"Being processed by app","224941","2025-11-13 17:09:40","475","Jamie","Strathairn","","chito+168@burstsms.com","","burst",""
"Being processed by app","224941","2025-11-13 17:09:40","476","Nate","","","chito+169@burstsms.com","","burst",""
"Being processed by app","224941","2025-11-13 17:09:40","477","Jason","Finch","","chito+170@burstsms.com","","burst",""
"Being processed by app","224941","2025-11-13 17:09:40","478","Wes","","","chito+171@burstsms.com","","burst",""
"Being processed by app","224941","2025-11-13 17:09:40","479","Ben","Riley","","chito+172@burstsms.com","","burst",""
"Being processed by app","224941","2025-11-13 17:09:40","480","Seda","Tunc","","chito+173@burstsms.com","","burst",""
"Being processed by app","224941","2025-11-13 17:09:40","481","CAMILLE","HAGE","","chito+174@burstsms.com","","burst",""
"Being processed by app","224941","2025-11-13 17:09:40","482","Natasha","Kollarik","","chito+175@burstsms.com","","burst",""
"Being processed by app","224941","2025-11-13 17:09:40","483","Kerry","Shine","","chito+176@burstsms.com","","burst",""
"Being processed by app","224941","2025-11-13 17:09:40","484","Ben","Laxton","","chito+177@burstsms.com","","burst",""
"Being processed by app","224941","2025-11-13 17:09:40","485","Aiden","McIlduff","","chito+178@burstsms.com","","burst",""
"Being processed by app","224941","2025-11-13 17:09:40","486","Akin","Ayoko","","chito+179@burstsms.com","","burst",""
"Being processed by app","224941","2025-11-13 17:09:40","487","Luke Van De","Stadt","","chito+180@burstsms.com","","burst",""
"Being processed by app","224941","2025-11-13 17:09:40","488","Sarah","Morice","","chito+181@burstsms.com","","burst",""
"Being processed by app","224941","2025-11-13 17:09:40","489","John","Gabriel","","chito+182@burstsms.com","","burst",""
"Being processed by app","224941","2025-11-13 17:09:40","490","Grace","","","chito+183@burstsms.com","","burst",""
"Being processed by app","224941","2025-11-13 17:09:40","491","Liam","","","chito+184@burstsms.com","","burst",""
"Being processed by app","224941","2025-11-13 17:09:40","492","Alan","","","chito+185@burstsms.com","","burst",""
"Being processed by app","224941","2025-11-13 17:09:40","493","Gregory","","","chito+186@burstsms.com","","burst",""
"Being processed by app","224941","2025-11-13 17:09:40","494","Thomas","Walsh","","chito+187@burstsms.com","","burst","AU"
"Being processed by app","224941","2025-11-13 17:09:40","495","Paul","","","chito+188@burstsms.com","","burst",""
"Being processed by app","224941","2025-11-13 17:09:40","496","Amanda","Forrest","","chito+189@burstsms.com","","burst",""
"Being processed by app","224941","2025-11-13 17:09:40","497","Kelly","Tran","","chito+190@burstsms.com","","burst",""
"Being processed by app","224941","2025-11-13 17:09:40","498","William","Kuang","","chito+191@burstsms.com","","burst",""
"Being processed by app","224941","2025-11-13 17:09:40","499","Charlene","Camilleri","","chito+192@burstsms.com","","burst",""
"Being processed by app","224941","2025-11-13 17:09:40","500","Jesse","Suhr","","chito+193@burstsms.com","","burst",""
"Being processed by app","224941","2025-11-13 17:09:40","501","Darren","","","chito+194@burstsms.com","","burst",""
"Being processed by app","224941","2025-11-13 17:09:40","502","Rhys","Hyatt","","chito+195@burstsms.com","","burst",""
"Being processed by app","224941","2025-11-13 17:09:40","503","Al","Ghoniem","","chito+196@burstsms.com","","burst",""
"Being processed by app","224941","2025-11-13 17:09:40","504","Jackie","","","chito+197@burstsms.com","","burst",""
"Being processed by app","224941","2025-11-13 17:09:40","505","Mick","Chami","","chito+198@burstsms.com","","burst",""
"Being processed by app","224941","2025-11-13 17:09:40","506","Rodrigo","Melo","","chito+199@burstsms.com","","burst",""
"Being processed by app","224941","2025-11-13 17:09:40","507","Michelle","Barnard-Marks","","chito+200@burstsms.com","","burst",""
"Being processed by app","224941","2025-11-13 17:09:40","508","Digvijay","","","chito+201@burstsms.com","","burst",""
"Being processed by app","224941","2025-11-13 17:09:40","509","Diana","Uribe","","chito+202@burstsms.com","","burst",""
"Being processed by app","224941","2025-11-13 17:09:40","510","NMB","","","chito+203@burstsms.com","","burst",""
"Being processed by app","224941","2025-11-13 17:09:40","511","Tash","","","chito+204@burstsms.com","","burst",""
"Being processed by app","224941","2025-11-13 17:09:40","512","Hampstead","Pharmacy","","chito+205@burstsms.com","","burst",""
"Being processed by app","224941","2025-11-13 17:09:40","513","Alex","Fergus","","chito+206@burstsms.com","","burst",""
"Being processed by app","224941","2025-11-13 17:09:40","514","Stuart","Muir","","chito+207@burstsms.com","","burst",""
"Being processed by app","224941","2025-11-13 17:09:40","515","Liz","","","chito+208@burstsms.com","","burst",""
"Being processed by app","224941","2025-11-13 17:09:40","516","Clodiagh","Fitzsimons","","chito+209@burstsms.com","","burst",""
"Being processed by app","224941","2025-11-13 17:09:40","517","Chengfeng","ZHANG","","chito+210@burstsms.com","","burst",""
"Being processed by app","224941","2025-11-13 17:09:40","518","Jeff","","","chito+211@burstsms.com","","burst",""
"Being processed by app","224941","2025-11-13 17:09:40","519","Minal","","","chito+212@burstsms.com","","burst",""
"Being processed by app","224941","2025-11-13 17:09:40","520","Greg","Bullard","","chito+213@burstsms.com","","burst",""
"Being processed by app","224941","2025-11-13 17:09:40","521","Karmen","","","chito+214@burstsms.com","","burst",""
"Being processed by app","224941","2025-11-13 17:09:40","522","Chris","Bateman","","chito+215@burstsms.com","","burst",""
"Being processed by app","224941","2025-11-13 17:09:40","523","Bryony","OKane","","chito+216@burstsms.com","","burst",""
"Being processed by app","224941","2025-11-13 17:09:40","524","Helen","","","chito+217@burstsms.com","","burst",""
"Being processed by app","224941","2025-11-13 17:09:40","525","Peter","Garthwaite","","chito+218@burstsms.com","","burst",""
"Being processed by app","224941","2025-11-13 17:09:40","526","Supun","Samarawickrama","","chito+219@burstsms.com","","burst",""
"Being processed by app","224941","2025-11-13 17:09:40","527","Candy","","","chito+220@burstsms.com","","burst",""
"Being processed by app","224941","2025-11-13 17:09:40","528","Hooman","","","chito+221@burstsms.com","","burst",""
"Being processed by app","224941","2025-11-13 17:09:40","529","Muhammad","Shahid","","chito+222@burstsms.com","","burst",""
"Being processed by app","224941","2025-11-13 17:09:40","530","Clive","Liebmann","","chito+223@burstsms.com","","burst",""
"Being processed by app","224941","2025-11-13 17:09:40","531","Luke","","","chito+224@burstsms.com","","burst",""
"Being processed by app","224941","2025-11-13 17:09:40","532","Glenn","","","chito+225@burstsms.com","","burst",""
"Being processed by app","224941","2025-11-13 17:09:40","533","Andrew","","","chito+226@burstsms.com","","burst",""
"Being processed by app","224941","2025-11-13 17:09:40","534","AllenSimpson","","","chito+227@burstsms.com","","burst",""
"Being processed by app","224941","2025-11-13 17:09:40","535","Tam","Le","","chito+228@burstsms.com","","burst",""
"Being processed by app","224941","2025-11-13 17:09:40","536","Graham","Bush","","chito+229@burstsms.com","","burst",""
"Being processed by app","224941","2025-11-13 17:09:40","537","Angela","Flavian","","chito+230@burstsms.com","","burst",""
"Being processed by app","224941","2025-11-13 17:09:40","538","Uyfy","Kjhg","","chito+231@burstsms.com","","burst",""
"Being processed by app","224941","2025-11-13 17:09:40","539","Travel The","","","chito+232@burstsms.com","","burst",""
"Being processed by app","224941","2025-11-13 17:09:40","540","Julie","Briggs","","chito+233@burstsms.com","","burst",""
"Being processed by app","224941","2025-11-13 17:09:40","541","Luke","","","chito+234@burstsms.com","","burst",""
"Being processed by app","224941","2025-11-13 17:09:40","542","Gomathi","Suresh","","chito+235@burstsms.com","","burst",""
"Being processed by app","224941","2025-11-13 17:09:40","543","Emily","Crafter","","chito+236@burstsms.com","","burst",""
"Being processed by app","224941","2025-11-13 17:09:40","544","Murray","","","chito+237@burstsms.com","","burst",""
"Being processed by app","224941","2025-11-13 17:09:40","545","Paul","","","chito+238@burstsms.com","","burst",""
"Being processed by app","224941","2025-11-13 17:09:40","546","Andrew","Howard","","chito+239@burstsms.com","","burst",""
"Being processed by app","224941","2025-11-13 17:09:40","547","Christopher","Reeves","","chito+240@burstsms.com","","burst",""
"Being processed by app","224941","2025-11-13 17:09:40","548","John","Lethbridge","","chito+241@burstsms.com","","burst",""
"Being processed by app","224941","2025-11-13 17:09:40","549","Rhonda","Price","","chito+242@burstsms.com","","burst",""
"Being processed by app","224941","2025-11-13 17:09:40","550","Antonia","","","chito+243@burstsms.com","","burst",""
"Being processed by app","224941","2025-11-13 17:09:40","551","Evan","","","chito+244@burstsms.com","","burst",""
"Being processed by app","224941","2025-11-13 17:09:40","552","Megan","","","chito+245@burstsms.com","","burst",""
"Being processed by app","224941","2025-11-13 17:09:40","553","Steven","Keens","","chito+246@burstsms.com","","burst",""
"Being processed by app","224941","2025-11-13 17:09:40","554","Toolies Tool","Specialists","","chito+247@burstsms.com","","burst",""
"Being processed by app","224941","2025-11-13 17:09:40","555","Danielle","Theodore","","chito+248@burstsms.com","","burst",""
"Being processed by app","224941","2025-11-13 17:09:40","556","Amy E","Kimmett","","chito+249@burstsms.com","","burst",""
"Being processed by app","224941","2025-11-13 17:09:40","557","Todd","","","chito+250@burstsms.com","","burst",""
"Being processed by app","224941","2025-11-13 17:09:40","558","Briella","Brown","","chito+251@burstsms.com","","burst",""
"Being processed by app","224941","2025-11-13 17:09:40","559","Norman.","","","chito+252@burstsms.com","","burst",""
"Being processed by app","224941","2025-11-13 17:09:40","560","Kristal","Seaborne","","chito+253@burstsms.com","","burst",""
"Being processed by app","224941","2025-11-13 17:09:40","561","Oliver","Houston","","chito+254@burstsms.com","","burst",""
"Being processed by app","224941","2025-11-13 17:09:40","562","Claire","Murray-Fulton","","chito+255@burstsms.com","","burst",""
"Being processed by app","224941","2025-11-13 17:09:40","563","Scott","Chamney","","chito+256@burstsms.com","","burst",""
"Being processed by app","224941","2025-11-13 17:09:40","564","Ke","","","chito+257@burstsms.com","","burst",""
"Being processed by app","224941","2025-11-13 17:09:40","565","Lauren","","","chito+258@burstsms.com","","burst",""
"Being processed by app","224941","2025-11-13 17:09:40","566","Brett","Bowman","","chito+259@burstsms.com","","burst",""
"Being processed by app","224941","2025-11-13 17:09:40","567","Zane","Wilson","","chito+260@burstsms.com","","burst",""
"Being processed by app","224941","2025-11-13 17:09:40","568","Rohan","","","chito+261@burstsms.com","","burst",""
"Being processed by app","224941","2025-11-13 17:09:40","569","Barry","","","chito+262@burstsms.com","","burst",""
"Being processed by app","224941","2025-11-13 17:09:40","570","Kassandra","","","chito+263@burstsms.com","","burst",""
"Being processed by app","224941","2025-11-13 17:09:40","571","Eamon","","","chito+264@burstsms.com","","burst",""
"Being processed by app","224941","2025-11-13 17:09:40","572","Andrew","Joyce","","chito+265@burstsms.com","","burst",""
"Being processed by app","224941","2025-11-13 17:09:40","573","Maria","","","chito+266@burstsms.com","","burst",""
"Being processed by app","224941","2025-11-13 17:09:40","574","Joe","","","chito+267@burstsms.com","","burst",""
"Being processed by app","224941","2025-11-13 17:09:40","575","Sarel","Roets","","chito+268@burstsms.com","","burst",""
"Being processed by app","224941","2025-11-13 17:09:40","576","LECHA JOSEPH","KHOURI","","chito+269@burstsms.com","","burst",""
"Being processed by app","224941","2025-11-13 17:09:40","577","Eve","Mizzi","","chito+270@burstsms.com","","burst",""
"Being processed by app","224941","2025-11-13 17:09:40","578","Dean","Justice","","chito+271@burstsms.com","","burst",""
"Being processed by app","224941","2025-11-13 17:09:40","579","Louisa","","","chito+272@burstsms.com","","burst",""
"Being processed by app","224941","2025-11-13 17:09:40","580","Erin","","","chito+273@burstsms.com","","burst",""
"Being processed by app","224941","2025-11-13 17:09:40","581","Christian","Drysdale","","chito+274@burstsms.com","","burst",""
"Being processed by app","224941","2025-11-13 17:09:40","582","Caroline","Mitchell","","chito+275@burstsms.com","","burst",""
"Being processed by app","224941","2025-11-13 17:09:40","583","Jacky","Chan","","chito+276@burstsms.com","","burst",""
"Being processed by app","224941","2025-11-13 17:09:40","584","Credit Counsellors","Australia","","chito+277@burstsms.com","","burst",""
"Being processed by app","224941","2025-11-13 17:09:40","585","Annop","Sangpoowong","","chito+278@burstsms.com","","burst",""
"Being processed by app","224941","2025-11-13 17:09:40","586","Harshit","Sekhon","","chito+279@burstsms.com","","burst",""
"Being processed by app","224941","2025-11-13 17:09:40","587","Laura","","","chito+280@burstsms.com","","burst",""
"Being processed by app","224941","2025-11-13 17:09:40","588","Sam","","","chito+281@burstsms.com","","burst",""
"Being processed by app","224941","2025-11-13 17:09:40","589","Shahzaib","","","chito+282@burstsms.com","","burst",""
"Being processed by app","224941","2025-11-13 17:09:40","590","Prince","Pahal","","chito+283@burstsms.com","","burst",""
"Being processed by app","224941","2025-11-13 17:09:40","591","James","Mackay","","chito+284@burstsms.com","","burst",""
"Being processed by app","224941","2025-11-13 17:09:40","592","Kellie","Balisson","","chito+285@burstsms.com","","burst",""
"Being processed by app","224941","2025-11-13 17:09:40","593","Cesar","Anonuevo","","chito+286@burstsms.com","","burst",""
"Being processed by app","224941","2025-11-13 17:09:40","594","Prajesh","","","chito+287@burstsms.com","","burst",""
"Being processed by app","224941","2025-11-13 17:09:40","595","Dapeng","Zhang","","chito+288@burstsms.com","","burst",""
"Being processed by app","224941","2025-11-13 17:09:40","596","Joseph","","","chito+289@burstsms.com","","burst",""
"Being processed by app","224941","2025-11-13 17:09:40","597","CSM","","","chito+290@burstsms.com","","burst",""
"Being processed by app","224941","2025-11-13 17:09:40","598","Brendan","","","chito+291@burstsms.com","","burst",""
"Being processed by app","224941","2025-11-13 17:09:40","599","Jeffery","Fernandez","","chito+292@burstsms.com","","burst",""
"Being processed by app","224941","2025-11-13 17:09:40","600","Kunyi","","","chito+293@burstsms.com","","burst",""
"Being processed by app","224941","2025-11-13 17:09:40","601","Mittal","","","chito+294@burstsms.com","","burst",""
"Being processed by app","224941","2025-11-13 17:09:40","602","Brodie","","","chito+295@burstsms.com","","burst",""
"Being processed by app","224941","2025-11-13 17:09:40","603","Mx","","","chito+296@burstsms.com","","burst",""
"Being processed by app","224941","2025-11-13 17:09:40","604","Systems","Adminstrator","","chito+297@burstsms.com","","burst",""
"Being processed by app","224941","2025-11-13 17:09:40","605","Amila","","","chito+298@burstsms.com","","burst",""
"Being processed by app","224941","2025-11-13 17:09:40","606","Robbie","Mckinnon","","chito+299@burstsms.com","","burst",""
"Being processed by app","224941","2025-11-13 17:09:40","607","Blair","","","chito+300@burstsms.com","","burst",""
"Being processed by app","224941","2025-11-13 17:09:40","608","Lisa","Scott","","chito+301@burstsms.com","","burst",""
"Being processed by app","224941","2025-11-13 17:09:40","609","Peter","","","chito+302@burstsms.com","","burst",""
"Being processed by app","224941","2025-11-13 17:09:40","610","Vin","","","chito+303@burstsms.com","","burst",""
"Being processed by app","224941","2025-11-13 17:09:40","611","Sam","","","chito+304@burstsms.com","","burst",""
"Being processed by app","224941","2025-11-13 17:09:40","612","Sam","","","chito+305@burstsms.com","","burst",""
"Being processed by app","224941","2025-11-13 17:09:40","613","Stephanie","","","chito+306@burstsms.com","","burst",""
"Being processed by app","224941","2025-11-13 17:09:40","614","Mary","Langenkamp","","chito+307@burstsms.com","","burst",""
"Being processed by app","224941","2025-11-13 17:09:40","615","Matthew","Connors","","chito+308@burstsms.com","","burst",""
"Being processed by app","224941","2025-11-13 17:09:40","616","Hassan","Sattar","","chito+309@burstsms.com","","burst",""
"Being processed by app","224941","2025-11-13 17:09:40","617","Darren","Chadwick","","chito+310@burstsms.com","","burst",""
"Being processed by app","224941","2025-11-13 17:09:40","618","Adam","","","chito+311@burstsms.com","","burst",""
"Being processed by app","224941","2025-11-13 17:09:40","619","Doug","","","chito+312@burstsms.com","","burst",""
"Being processed by app","224941","2025-11-13 17:09:40","620","QUT INTERNATIONAL","COLLEGE","","chito+313@burstsms.com","","burst",""
"Being processed by app","224941","2025-11-13 17:09:40","621","Jessica","Phillips","","chito+314@burstsms.com","","burst",""
"Being processed by app","224941","2025-11-13 17:09:40","622","Sam","","","chito+315@burstsms.com","","burst",""
"Being processed by app","224941","2025-11-13 17:09:40","623","Giro","Maurici","","chito+316@burstsms.com","","burst",""
"Being processed by app","224941","2025-11-13 17:09:40","624","Marc","Loney","","chito+317@burstsms.com","","burst",""
"Being processed by app","224941","2025-11-13 17:09:40","625","James","","","chito+318@burstsms.com","","burst",""
"Being processed by app","224941","2025-11-13 17:09:40","626","Tim","Honan","","chito+319@burstsms.com","","burst",""
"Being processed by app","224941","2025-11-13 17:09:40","627","Thomas","Walsh","","chito+320@burstsms.com","","burst","AU"
"Being processed by app","224941","2025-11-13 17:09:40","628","Frank","","","chito+321@burstsms.com","","burst",""
"Being processed by app","224941","2025-11-13 17:09:40","629","LI","","","chito+322@burstsms.com","","burst",""
"Being processed by app","224941","2025-11-13 17:09:40","630","Vikram","","","chito+323@burstsms.com","","burst",""
"Being processed by app","224941","2025-11-13 17:09:40","631","Sarit","","","chito+324@burstsms.com","","burst",""
"Being processed by app","224941","2025-11-13 17:09:40","632","Yangyang","","","chito+325@burstsms.com","","burst",""
"Being processed by app","224941","2025-11-13 17:09:40","633","Danny","","","chito+326@burstsms.com","","burst",""
"Being processed by app","224941","2025-11-13 17:09:40","634","Ashley","","","chito+327@burstsms.com","","burst",""
"Being processed by app","224941","2025-11-13 17:09:40","635","Hey","Mate","","chito+328@burstsms.com","","burst",""
"Being processed by app","224941","2025-11-13 17:09:40","636","John","Naylor","","chito+329@burstsms.com","","burst",""
"Being processed by app","224941","2025-11-13 17:09:40","637","Aesthetic Pty","","","chito+330@burstsms.com","","burst",""
"Being processed by app","224941","2025-11-13 17:09:40","638","Ina","","","chito+331@burstsms.com","","burst",""
"Being processed by app","224941","2025-11-13 17:09:40","639","Nimendra","Pethiyagoda","","chito+332@burstsms.com","","burst",""
"Being processed by app","224941","2025-11-13 17:09:40","640","Dhs","","","chito+333@burstsms.com","","burst",""
"Being processed by app","224941","2025-11-13 17:09:40","641","Paula","Sims","","chito+334@burstsms.com","","burst",""
"Being processed by app","224941","2025-11-13 17:09:40","642","Daniela","Dargan","","chito+335@burstsms.com","","burst",""
"Being processed by app","224941","2025-11-13 17:09:40","643","Marina","Bally","","chito+336@burstsms.com","","burst",""
"Being processed by app","224941","2025-11-13 17:09:40","644","Dimitry","Nihalraj","","chito+337@burstsms.com","","burst",""
"Being processed by app","224941","2025-11-13 17:09:40","645","Chris","Van","","chito+338@burstsms.com","","burst",""
"Being processed by app","224941","2025-11-13 17:09:40","646","Jay","","","chito+339@burstsms.com","","burst",""
"Being processed by app","224941","2025-11-13 17:09:40","647","Katherine","Bibik","","chito+340@burstsms.com","","burst",""
"Being processed by app","224941","2025-11-13 17:09:40","648","Tim","Davies","","chito+341@burstsms.com","","burst",""
"Being processed by app","224941","2025-11-13 17:09:40","649","Todd","Cresp","","chito+342@burstsms.com","","burst",""
"Being processed by app","224941","2025-11-13 17:09:40","650","Ttobie","A","","chito+343@burstsms.com","","burst",""
"Being processed by app","224941","2025-11-13 17:09:40","651","Brett","","","chito+344@burstsms.com","","burst",""
"Being processed by app","224941","2025-11-13 17:09:40","652","Tracey","He","","chito+345@burstsms.com","","burst",""
"Being processed by app","224941","2025-11-13 17:09:40","653","Fanjiang","","","chito+346@burstsms.com","","burst",""
"Being processed by app","224941","2025-11-13 17:09:40","654","Laurence Mark","Winston","","chito+347@burstsms.com","","burst",""
"Being processed by app","224941","2025-11-13 17:09:40","655","Caitlin","Watson","","chito+348@burstsms.com","","burst",""
"Being processed by app","224941","2025-11-13 17:09:40","656","Rajat","","","chito+349@burstsms.com","","burst",""
"Being processed by app","224941","2025-11-13 17:09:40","657","Steven","Pantic","","chito+350@burstsms.com","","burst",""
"Being processed by app","224941","2025-11-13 17:09:40","658","Chris","","","chito+351@burstsms.com","","burst",""
"Being processed by app","224941","2025-11-13 17:09:40","659","Paul-Anthony","","","chito+352@burstsms.com","","burst",""
"Being processed by app","224941","2025-11-13 17:09:40","660","Gehan","Hanna","","chito+353@burstsms.com","","burst",""
"Being processed by app","224941","2025-11-13 17:09:40","661","Alexandra","Green","","chito+354@burstsms.com","","burst",""
"Being processed by app","224941","2025-11-13 17:09:40","662","Kristian","","","chito+355@burstsms.com","","burst",""
"Being processed by app","224941","2025-11-13 17:09:40","663","Wasim","Shaikh","","chito+356@burstsms.com","","burst",""
"Being processed by app","224941","2025-11-13 17:09:40","664","Network","Administrator","","chito+357@burstsms.com","","burst",""
"Being processed by app","224941","2025-11-13 17:09:40","665","Matt","","","chito+358@burstsms.com","","burst",""
"Being processed by app","224941","2025-11-13 17:09:40","666","Tommy","","","chito+359@burstsms.com","","burst",""
"Being processed by app","224941","2025-11-13 17:09:40","667","Callan","Robertson","","chito+360@burstsms.com","","burst",""
"Being processed by app","224941","2025-11-13 17:09:40","668","Tom","Savige","","chito+361@burstsms.com","","burst",""
"Being processed by app","224941","2025-11-13 17:09:40","669","Bhupendra","","","chito+362@burstsms.com","","burst",""
"Being processed by app","224941","2025-11-13 17:09:40","670","Maria Shelly","","","chito+363@burstsms.com","","burst",""
"Being processed by app","224941","2025-11-13 17:09:40","671","Evolution Hospitalit","Institute","","chito+364@burstsms.com","","burst",""
"Being processed by app","224941","2025-11-13 17:09:40","672","Brad","","","chito+365@burstsms.com","","burst",""
"Being processed by app","224941","2025-11-13 17:09:40","673","StepCare Blackdog","Institute","","chito+366@burstsms.com","","burst",""
"Being processed by app","224941","2025-11-13 17:09:40","674","Blake","","","chito+367@burstsms.com","","burst",""
"Being processed by app","224941","2025-11-13 17:09:40","675","P. Di Natale Pty Ltd","","","chito+368@burstsms.com","","burst",""
"Being processed by app","224941","2025-11-13 17:09:40","676","Damian","Robson","","chito+369@burstsms.com","","burst",""
"Being processed by app","224941","2025-11-13 17:09:40","677","Sarah","Nilsen","","chito+370@burstsms.com","","burst",""
"Being processed by app","224941","2025-11-13 17:09:40","678","Ho Kyu","","","chito+371@burstsms.com","","burst",""
"Being processed by app","224941","2025-11-13 17:09:40","679","Tim","Andrews","","chito+372@burstsms.com","","burst",""
"Being processed by app","224941","2025-11-13 17:09:40","680","Tangya","","","chito+373@burstsms.com","","burst",""
"Being processed by app","224941","2025-11-13 17:09:40","681","Will","Phillips","","chito+374@burstsms.com","","burst",""
"Being processed by app","224941","2025-11-13 17:09:40","682","Tim","Shapter","","chito+375@burstsms.com","","burst",""
"Being processed by app","224941","2025-11-13 17:09:40","683","Jackvanlawick","","","chito+376@burstsms.com","","burst",""
"Being processed by app","224941","2025-11-13 17:09:40","684","Yip","Wong","","chito+377@burstsms.com","","burst",""
"Being processed by app","224941","2025-11-13 17:09:40","685","Songmei","ZHong","","chito+378@burstsms.com","","burst",""
"Being processed by app","224941","2025-11-13 17:09:40","686","Shalini","Suby","","chito+379@burstsms.com","","burst",""
"Being processed by app","224941","2025-11-13 17:09:40","687","Harsish","Naidu","","chito+380@burstsms.com","","burst",""
"Being processed by app","224941","2025-11-13 17:09:40","688","Peter","","","chito+381@burstsms.com","","burst",""
"Being processed by app","224941","2025-11-13 17:09:40","689","George","Bodunski","","chito+382@burstsms.com","","burst",""
"Being processed by app","224941","2025-11-13 17:09:40","690","Duy","Le","","chito+383@burstsms.com","","burst",""
"Being processed by app","224941","2025-11-13 17:09:40","691","Navneet","Ganesh","","chito+384@burstsms.com","","burst",""
"Being processed by app","224941","2025-11-13 17:09:40","692","Mehreen","Faruqi","","chito+385@burstsms.com","","burst",""
"Being processed by app","224941","2025-11-13 17:09:40","693","Rob","Walker","","chito+386@burstsms.com","","burst",""
"Being processed by app","224941","2025-11-13 17:09:40","694","Greg","","","chito+387@burstsms.com","","burst",""
"Being processed by app","224941","2025-11-13 17:09:40","695","Tilan","Chamara","","chito+388@burstsms.com","","burst",""
"Being processed by app","224941","2025-11-13 17:09:40","696","Admin","","","chito+389@burstsms.com","","burst",""
"Being processed by app","224941","2025-11-13 17:09:40","697","Ian","Cook","","chito+390@burstsms.com","","burst",""
"Being processed by app","224941","2025-11-13 17:09:40","698","TQ","","","chito+391@burstsms.com","","burst",""
"Being processed by app","224941","2025-11-13 17:09:40","699","David","Pryce","","chito+392@burstsms.com","","burst",""
"Being processed by app","224941","2025-11-13 17:09:40","700","Michael","Munday","","chito+393@burstsms.com","","burst",""
"Being processed by app","224941","2025-11-13 17:09:40","701","Ammar","Ahmed","","chito+394@burstsms.com","","burst",""
"Being processed by app","224941","2025-11-13 17:09:40","702","Babar","Ali","","chito+395@burstsms.com","","burst",""
"Being processed by app","224941","2025-11-13 17:09:40","703","Charmaine","","","chito+396@burstsms.com","","burst",""
"Being processed by app","224941","2025-11-13 17:09:40","704","Bris","Foudanini","","chito+397@burstsms.com","","burst",""
"Being processed by app","224941","2025-11-13 17:09:40","705","Charlie","","","chito+398@burstsms.com","","burst",""
"Being processed by app","224941","2025-11-13 17:09:40","706","Sam","","","chito+399@burstsms.com","","burst",""
"Being processed by app","224941","2025-11-13 17:09:40","707","Onkar","","","chito+400@burstsms.com","","burst",""
"Being processed by app","224941","2025-11-13 17:09:40","708","Alastair","","","chito+401@burstsms.com","","burst",""
"Being processed by app","224941","2025-11-13 17:09:40","709","Ian","","","chito+402@burstsms.com","","burst",""
"Being processed by app","224941","2025-11-13 17:09:40","710","James","Cook","","chito+403@burstsms.com","","burst",""
"Being processed by app","224941","2025-11-13 17:09:40","711","David","","","chito+404@burstsms.com","","burst",""
"Being processed by app","224941","2025-11-13 17:09:40","712","Dussy","Kuttner","","chito+405@burstsms.com","","burst",""
"Being processed by app","224941","2025-11-13 17:09:40","713","Ruby","","","chito+406@burstsms.com","","burst",""
"Being processed by app","224941","2025-11-13 17:09:40","714","Samantha","","","chito+407@burstsms.com","","burst",""
"Being processed by app","224941","2025-11-13 17:09:40","715","Wei","Shan","","chito+408@burstsms.com","","burst",""
"Being processed by app","224941","2025-11-13 17:09:40","716","Ranjit","","","chito+409@burstsms.com","","burst",""
"Being processed by app","224941","2025-11-13 17:09:40","717","Rhiannon","","","chito+410@burstsms.com","","burst",""
"Being processed by app","224941","2025-11-13 17:09:40","718","David Geoffrey","Freeburn","","chito+411@burstsms.com","","burst",""
"Being processed by app","224941","2025-11-13 17:09:40","719","Sarah","Reid","","chito+412@burstsms.com","","burst",""
"Being processed by app","224941","2025-11-13 17:09:40","720","Alan","Perez","","chito+413@burstsms.com","","burst",""
"Being processed by app","224941","2025-11-13 17:09:40","721","IT","Support!","","chito+414@burstsms.com","","burst",""
"Being processed by app","224941","2025-11-13 17:09:40","722","Joanne","","","chito+415@burstsms.com","","burst",""
"Being processed by app","224941","2025-11-13 17:09:40","723","Venkatraman","Annadasu","","chito+416@burstsms.com","","burst",""
"Being processed by app","224941","2025-11-13 17:09:40","724","Arnold","Bugtas","","chito+417@burstsms.com","","burst",""
"Being processed by app","224941","2025-11-13 17:09:40","725","James","Black","","chito+418@burstsms.com","","burst",""
"Being processed by app","224941","2025-11-13 17:09:40","726","Kash","Aust","","chito+419@burstsms.com","","burst",""
"Being processed by app","224941","2025-11-13 17:09:40","727","Bill","","","chito+420@burstsms.com","","burst",""
"Being processed by app","224941","2025-11-13 17:09:40","728","Katrina","Hogarth","","chito+421@burstsms.com","","burst",""
"Being processed by app","224941","2025-11-13 17:09:40","729","Lachlan","McAlister","","chito+422@burstsms.com","","burst",""
"Being processed by app","224941","2025-11-13 17:09:40","730","Richard","Doyle","","chito+423@burstsms.com","","burst",""
"Being processed by app","224941","2025-11-13 17:09:40","731","Sandeep","Doshila","","chito+424@burstsms.com","","burst",""
"Being processed by app","224941","2025-11-13 17:09:40","732","Fab","","","chito+425@burstsms.com","","burst",""
"Being processed by app","224941","2025-11-13 17:09:40","733","Lockhart Anglers Clu","","","chito+426@burstsms.com","","burst",""
"Being processed by app","224941","2025-11-13 17:09:40","734","Julian","Catton","","chito+427@burstsms.com","","burst",""
"Being processed by app","224941","2025-11-13 17:09:40","735","Hgv","Gfrf","","chito+428@burstsms.com","","burst",""
"Being processed by app","224941","2025-11-13 17:09:40","736","David","Mooney","","chito+429@burstsms.com","","burst",""
"Being processed by app","224941","2025-11-13 17:09:40","737","Sarah","Hall","","chito+430@burstsms.com","","burst",""
"Being processed by app","224941","2025-11-13 17:09:40","738","Adam","Scott","","chito+431@burstsms.com","","burst",""
"Being processed by app","224941","2025-11-13 17:09:40","739","Caleb","Donald","","chito+432@burstsms.com","","burst",""
"Being processed by app","224941","2025-11-13 17:09:40","740","Dainty Group","","","chito+433@burstsms.com","","burst",""
"Being processed by app","224941","2025-11-13 17:09:40","741","Luke","Saville","","chito+434@burstsms.com","","burst",""
"Being processed by app","224941","2025-11-13 17:09:40","742","Mark","Neveceral","","chito+435@burstsms.com","","burst",""
"Being processed by app","224941","2025-11-13 17:09:40","743","Daniel","","","chito+436@burstsms.com","","burst",""
"Being processed by app","224941","2025-11-13 17:09:40","744","Margarita De","","","chito+437@burstsms.com","","burst",""
"Being processed by app","224941","2025-11-13 17:09:40","745","J.","","","chito+438@burstsms.com","","burst",""
"Being processed by app","224941","2025-11-13 17:09:40","746","Karen","","","chito+439@burstsms.com","","burst",""
"Being processed by app","224941","2025-11-13 17:09:40","747","Joe","","","chito+440@burstsms.com","","burst",""
"Being processed by app","224941","2025-11-13 17:09:40","748","Lisa","Smith","","chito+441@burstsms.com","","burst",""
"Being processed by app","224941","2025-11-13 17:09:40","749","Anthony","Manning","","chito+442@burstsms.com","","burst",""
"Being processed by app","224941","2025-11-13 17:09:40","750","Walter","","","chito+443@burstsms.com","","burst",""
"Being processed by app","224941","2025-11-13 17:09:40","751","Chris","White","","chito+444@burstsms.com","","burst",""
"Being processed by app","224941","2025-11-13 17:09:40","752","Kate","","","chito+445@burstsms.com","","burst",""
"Being processed by app","224941","2025-11-13 17:09:40","753","Tracey","Voice","","chito+446@burstsms.com","","burst",""
"Being processed by app","224941","2025-11-13 17:09:40","754","Jpg","","","chito+447@burstsms.com","","burst",""
"Being processed by app","224941","2025-11-13 17:09:40","755","Dan","Field","","chito+448@burstsms.com","","burst",""
"Being processed by app","224941","2025-11-13 17:09:40","756","Rob","Jones","","chito+449@burstsms.com","","burst",""
"Being processed by app","224941","2025-11-13 17:09:40","757","Tobias","","","chito+450@burstsms.com","","burst",""
"Being processed by app","224941","2025-11-13 17:09:40","758","Glen","Erickson","","chito+451@burstsms.com","","burst",""
"Being processed by app","224941","2025-11-13 17:09:40","759","Louise","Chandradjaya","","chito+452@burstsms.com","","burst",""
"Being processed by app","224941","2025-11-13 17:09:40","760","Nicole","","","chito+453@burstsms.com","","burst",""
"Being processed by app","224941","2025-11-13 17:09:40","761","Daryl","Coxon","","chito+454@burstsms.com","","burst",""
"Being processed by app","224941","2025-11-13 17:09:40","762","Richard","","","chito+455@burstsms.com","","burst",""
"Being processed by app","224941","2025-11-13 17:09:40","763","Ryan","McGovern","","chito+456@burstsms.com","","burst",""
"Being processed by app","224941","2025-11-13 17:09:40","764","Reiner","Cruz","","chito+457@burstsms.com","","burst",""
"Being processed by app","224941","2025-11-13 17:09:40","765","James","Shirreff","","chito+458@burstsms.com","","burst",""
"Being processed by app","224941","2025-11-13 17:09:40","766","Concierge","","","chito+459@burstsms.com","","burst",""
"Being processed by app","224941","2025-11-13 17:09:40","767","PETER","","","chito+460@burstsms.com","","burst",""
"Being processed by app","224941","2025-11-13 17:09:40","768","Marrickville","Docs","","chito+461@burstsms.com","","burst",""
"Being processed by app","224941","2025-11-13 17:09:40","769","Matthew","","","chito+462@burstsms.com","","burst",""
"Being processed by app","224941","2025-11-13 17:09:40","770","Jonathan","","","chito+463@burstsms.com","","burst",""
"Being processed by app","224941","2025-11-13 17:09:40","771","Orchard","Tech","","chito+464@burstsms.com","","burst",""
"Being processed by app","224941","2025-11-13 17:09:40","772","David van den","Bovenkamp","","chito+465@burstsms.com","","burst",""
"Being processed by app","224941","2025-11-13 17:09:40","773","Skye","","","chito+466@burstsms.com","","burst",""
"Being processed by app","224941","2025-11-13 17:09:40","774","Deane","Crabb","","chito+467@burstsms.com","","burst",""
"Being processed by app","224941","2025-11-13 17:09:40","775","Katie","Moses","","chito+468@burstsms.com","","burst",""
"Being processed by app","224941","2025-11-13 17:09:40","776","James","","","chito+469@burstsms.com","","burst",""
"Being processed by app","224941","2025-11-13 17:09:40","777","Alex","","","chito+470@burstsms.com","","burst",""
"Being processed by app","224941","2025-11-13 17:09:40","778","Amanda","Brook","","chito+471@burstsms.com","","burst",""
"Being processed by app","224941","2025-11-13 17:09:40","779","Patrick","Lazaro","","chito+472@burstsms.com","","burst",""
"Being processed by app","224941","2025-11-13 17:09:40","780","John","Stylianou","","chito+473@burstsms.com","","burst",""
"Being processed by app","224941","2025-11-13 17:09:40","781","Aaron","","","chito+474@burstsms.com","","burst",""
"Being processed by app","224941","2025-11-13 17:09:40","782","Chris","Bowden","","chito+475@burstsms.com","","burst",""
"Being processed by app","224941","2025-11-13 17:09:40","783","Janice","Paynter","","chito+476@burstsms.com","","burst",""
"Being processed by app","224941","2025-11-13 17:09:40","784","Micheal","Barsha","","chito+477@burstsms.com","","burst",""
"Being processed by app","224941","2025-11-13 17:09:40","785","Amy","Slattery","","chito+478@burstsms.com","","burst",""
"Being processed by app","224941","2025-11-13 17:09:40","786","Jason","Smith","","chito+479@burstsms.com","","burst",""
"Being processed by app","224941","2025-11-13 17:09:40","787","Felicity","Nolen","","chito+480@burstsms.com","","burst",""
"Being processed by app","224941","2025-11-13 17:09:40","788","Jennifer","McKenzie","","chito+481@burstsms.com","","burst",""
"Being processed by app","224941","2025-11-13 17:09:40","789","Elysia","Delaine","","chito+482@burstsms.com","","burst",""
"Being processed by app","224941","2025-11-13 17:09:40","790","Kim","Long","","chito+483@burstsms.com","","burst",""
"Being processed by app","224941","2025-11-13 17:09:40","791","JAMIE","","","chito+484@burstsms.com","","burst",""
"Being processed by app","224941","2025-11-13 17:09:40","792","Robert","","","chito+485@burstsms.com","","burst",""
"Being processed by app","224941","2025-11-13 17:09:40","793","Lee Di","","","chito+486@burstsms.com","","burst",""
"Being processed by app","224941","2025-11-13 17:09:40","794","Michael","","","chito+487@burstsms.com","","burst",""
"Being processed by app","224941","2025-11-13 17:09:40","795","Catherine","Price","","chito+488@burstsms.com","","burst",""
"Being processed by app","224941","2025-11-13 17:09:40","796","Amy","Towers","","chito+489@burstsms.com","","burst",""
"Being processed by app","224941","2025-11-13 17:09:40","797","Christopher","","","chito+490@burstsms.com","","burst",""
"Being processed by app","224941","2025-11-13 17:09:40","798","STEVE","WILCOX","","chito+491@burstsms.com","","burst",""
"Being processed by app","224941","2025-11-13 17:09:40","799","Natalie","","","chito+492@burstsms.com","","burst",""
"Being processed by app","224941","2025-11-13 17:09:40","800","Kain","Wong","","chito+493@burstsms.com","","burst",""
"Being processed by app","224941","2025-11-13 17:09:40","801","Jamie","Lang","","chito+494@burstsms.com","","burst",""
"Being processed by app","224941","2025-11-13 17:09:40","802","Daniel","Murphy","","chito+495@burstsms.com","","burst",""
"Being processed by app","224941","2025-11-13 17:09:40","803","Alex","","","chito+496@burstsms.com","","burst",""
"Being processed by app","224941","2025-11-13 17:09:40","804","Con","Collios","","chito+497@burstsms.com","","burst",""
"Being processed by app","224941","2025-11-13 17:09:40","805","Rod","","","chito+498@burstsms.com","","burst",""
"Being processed by app","224941","2025-11-13 17:09:40","806","Mark","Kelava","","chito+499@burstsms.com","","burst",""
