ContactID,First Name,Last Name,Company,Email Address,Mobile Phone,Subdomain,Country
308,Lamole,,,chito+1@burstsms.com,639709996132,burst,PH
309,Maree,,,chito+2@burstsms.com,639709996133,burst,PH
310,Jenny,,,chito+3@burstsms.com,639709996134,burst,PH
311,Allan,,,chito+4@burstsms.com,639709996135,burst,PH
312,Greg,Fisk,,chito+5@burstsms.com,639709996136,burst,PH
313,Daniel,Owers,,chito+6@burstsms.com,639709996137,burst,PH
314,Peter,Cran,,chito+7@burstsms.com,639709996138,burst,PH
315,Andrew,,,chito+8@burstsms.com,639709996139,burst,PH
316,Garry,Claridge,,chito+9@burstsms.com,639709996140,burst,PH
317,Fred,Khoury,,chito+10@burstsms.com,639709996141,burst,PH
318,Kathie,,,chito+11@burstsms.com,639709996142,burst,PH
319,Shane,,,chito+12@burstsms.com,639709996143,burst,PH
320,Philip,Penman,,chito+13@burstsms.com,639709996144,burst,PH
321,Holli,Hahn,,chito+14@burstsms.com,639709996145,burst,PH
322,Tanya,Duncan,,chito+15@burstsms.com,639709996146,burst,PH
323,Jessica,,,chito+16@burstsms.com,639709996147,burst,PH
324,Rosa,Choi,,chito+17@burstsms.com,639709996148,burst,PH
325,Sharon,McCosker,,chito+18@burstsms.com,639709996149,burst,PH
326,Adrian,,,chito+19@burstsms.com,639709996150,burst,PH
327,Rob,,,chito+20@burstsms.com,639709996151,burst,PH
328,Ian,Frost,,chito+21@burstsms.com,639709996152,burst,PH
329,MICC Customer,,,chito+22@burstsms.com,639709996153,burst,PH
330,Anthony,O'Brien,,chito+23@burstsms.com,639709996154,burst,PH
331,Patrick,,,chito+24@burstsms.com,639709996155,burst,PH
332,MIke,Klein,,chito+25@burstsms.com,639709996156,burst,PH
333,Charlotte,,,chito+26@burstsms.com,639709996157,burst,PH
334,Tania,,,chito+27@burstsms.com,639709996158,burst,PH
335,Weison,,,chito+28@burstsms.com,639709996159,burst,PH
336,Patrick,,,chito+29@burstsms.com,639709996160,burst,PH
337,James,Courtney,,chito+30@burstsms.com,639709996161,burst,PH
338,Des,Lawson,,chito+31@burstsms.com,639709996162,burst,PH
339,Kylie,Keioskie,,chito+32@burstsms.com,639709996163,burst,PH
340,Lincoln,Parker,,chito+33@burstsms.com,639709996164,burst,PH
341,Christiane,,,chito+34@burstsms.com,639709996165,burst,PH
342,Jason,,,chito+35@burstsms.com,639709996166,burst,PH
343,Tim,,,chito+36@burstsms.com,639709996167,burst,PH
344,Ignatius,Tse,,chito+37@burstsms.com,639709996168,burst,PH
345,Daria,Mundle,,chito+38@burstsms.com,639709996169,burst,PH
346,David,Zanker,,chito+39@burstsms.com,639709996170,burst,PH
347,Kate,,,chito+40@burstsms.com,639709996171,burst,PH
348,Michael,,,chito+41@burstsms.com,639709996172,burst,PH
349,David,VAUGHAN,,chito+42@burstsms.com,639709996173,burst,PH
350,All Turf,,,chito+43@burstsms.com,639709996174,burst,PH
351,Tania,,,chito+44@burstsms.com,639709996175,burst,PH
352,Melinda,Zanetich,,chito+45@burstsms.com,639709996176,burst,PH
353,Dave,,,chito+46@burstsms.com,639709996177,burst,PH
354,Neville,,,chito+47@burstsms.com,639709996178,burst,PH
355,Accor IT Alerts -,ANZ,,chito+48@burstsms.com,639709996179,burst,PH
356,Alexa,Honey,,chito+49@burstsms.com,639709996180,burst,PH
357,Chris,Bennett,,chito+50@burstsms.com,639709996181,burst,PH
358,Paul,,,chito+51@burstsms.com,639709996182,burst,PH
359,Nick,,,chito+52@burstsms.com,639709996183,burst,PH
360,David,Gawler,,chito+53@burstsms.com,639709996184,burst,PH
361,Kaushik,,,chito+54@burstsms.com,639709996185,burst,PH
362,Henrietta,Chow,,chito+55@burstsms.com,639709996186,burst,PH
363,Richard,,,chito+56@burstsms.com,639709996187,burst,PH
364,James,Moore,,chito+57@burstsms.com,639709996188,burst,PH
365,Shaun,O sullivan,,chito+58@burstsms.com,639709996189,burst,PH
366,Jenny,,,chito+59@burstsms.com,639709996190,burst,PH
367,Jerome,Carpen,,chito+60@burstsms.com,639709996191,burst,PH
368,Chris,,,chito+61@burstsms.com,639709996192,burst,PH
369,Whitney,Sellnow,,chito+62@burstsms.com,639709996193,burst,PH
370,Tony,Smith,,chito+63@burstsms.com,639709996194,burst,PH
371,Daniel,Fuchs,,chito+64@burstsms.com,639709996195,burst,PH
372,Caroline,Marvelli,,chito+65@burstsms.com,639709996196,burst,PH
373,Sarah,,,chito+66@burstsms.com,639709996197,burst,PH
374,Sandeep,,,chito+67@burstsms.com,639709996198,burst,PH
375,Indigo,Family,,chito+68@burstsms.com,639709996199,burst,PH
376,Cheryl,Korondy,,chito+69@burstsms.com,639709996200,burst,PH
377,Ming,Yan,,chito+70@burstsms.com,639709996201,burst,PH
378,Manh,,,chito+71@burstsms.com,639709996202,burst,PH
379,Rachael,Pearce,,chito+72@burstsms.com,639709996203,burst,PH
380,Ariel,Valentini,,chito+73@burstsms.com,639709996204,burst,PH
381,Hussain,,,chito+74@burstsms.com,639709996205,burst,PH
382,Sudesh,Gamage,,chito+75@burstsms.com,639709996206,burst,PH
383,Njoud,Mohammad,,chito+76@burstsms.com,639709996207,burst,PH
384,Lucy,,,chito+77@burstsms.com,639709996208,burst,PH
385,Naomi,Hatton,,chito+78@burstsms.com,639709996209,burst,PH
386,Pengli,,,chito+79@burstsms.com,639709996210,burst,PH
387,Ben,Fuller,,chito+80@burstsms.com,639709996211,burst,PH
388,Rafiqul,Islam,,chito+81@burstsms.com,639709996212,burst,PH
389,Catherine,,,chito+82@burstsms.com,639709996213,burst,PH
390,Jarah,,,chito+83@burstsms.com,639709996214,burst,PH
391,Dayna,Watson,,chito+84@burstsms.com,639709996215,burst,PH
392,Sarah,Hoggett,,chito+85@burstsms.com,639709996216,burst,PH
393,Tom,,,chito+86@burstsms.com,639709996217,burst,PH
394,Blake,Macpherson,,chito+87@burstsms.com,639709996218,burst,PH
395,Renee,,,chito+88@burstsms.com,639709996219,burst,PH
396,Burrell,,,chito+89@burstsms.com,639709996220,burst,PH
397,Emapta,Helpdesk,,chito+90@burstsms.com,639709996221,burst,PH
398,Kim,,,chito+91@burstsms.com,639709996222,burst,PH
399,Jonathan,,,chito+92@burstsms.com,639709996223,burst,PH
400,Elminio,Soto,,chito+93@burstsms.com,639709996224,burst,PH
401,Marketing,,,chito+94@burstsms.com,639709996225,burst,PH
402,Evolution,,,chito+95@burstsms.com,639709996226,burst,PH
403,Raymond,Chong,,chito+96@burstsms.com,639709996227,burst,PH
404,Neelima,,,chito+97@burstsms.com,639709996228,burst,PH
405,Ashutosh,Srivastava,,chito+98@burstsms.com,639709996229,burst,PH
406,Adrian,Tchordjallian,,chito+99@burstsms.com,639709996230,burst,PH
407,Loretta,Nicholl,,chito+100@burstsms.com,639709996231,burst,PH
408,Jodie,Alarcon,,chito+101@burstsms.com,639709996232,burst,PH
409,Sharon,Sanders,,chito+102@burstsms.com,639709996233,burst,PH
410,John,,,chito+103@burstsms.com,639709996234,burst,PH
411,Joshua,Iaquinto,,chito+104@burstsms.com,639709996235,burst,PH
412,Brian,Fogarty,,chito+105@burstsms.com,639709996236,burst,PH
413,Murray,,,chito+106@burstsms.com,639709996237,burst,PH
414,Yvonne,Tucker,,chito+107@burstsms.com,639709996238,burst,PH
415,Paydn,,,chito+108@burstsms.com,639709996239,burst,PH
416,Chad,Rosenlis,,chito+109@burstsms.com,639709996240,burst,PH
417,Brett,Lai,,chito+110@burstsms.com,639709996241,burst,PH
418,Hayley,,,chito+111@burstsms.com,639709996242,burst,PH
419,Gemma,Stone,,chito+112@burstsms.com,639709996243,burst,PH
420,Amelia Lee,Winters,,chito+113@burstsms.com,639709996244,burst,PH
421,J,,,chito+114@burstsms.com,639709996245,burst,PH
422,John,Francis,,chito+115@burstsms.com,639709996246,burst,PH
423,M,Aly,,chito+116@burstsms.com,639709996247,burst,PH
424,OLIVIA,,,chito+117@burstsms.com,639709996248,burst,PH
425,Samantha,Gelderblom,,chito+118@burstsms.com,639709996249,burst,PH
426,Troy,,,chito+119@burstsms.com,639709996250,burst,PH
427,William,Gorman,,chito+120@burstsms.com,639709996251,burst,PH
428,Sarah,Curlew,,chito+121@burstsms.com,639709996252,burst,PH
429,John,Do,,chito+122@burstsms.com,639709996253,burst,PH
430,Nathan,Penhaligon,,chito+123@burstsms.com,639709996254,burst,PH
431,Casey,,,chito+124@burstsms.com,639709996255,burst,PH
432,Steven,Forrester,,chito+125@burstsms.com,639709996256,burst,PH
433,Melissa,Tuckwood,,chito+126@burstsms.com,639709996257,burst,PH
434,Robert,Nanic,,chito+127@burstsms.com,639709996258,burst,PH
435,Fiona,Hewish,,chito+128@burstsms.com,639709996259,burst,PH
436,Emmanuel,,,chito+129@burstsms.com,639709996260,burst,PH
437,Karl del,Val,,chito+130@burstsms.com,639709996261,burst,PH
438,Sara,,,chito+131@burstsms.com,639709996262,burst,PH
439,S,K,,chito+132@burstsms.com,639709996263,burst,PH
440,Markus,,,chito+133@burstsms.com,639709996264,burst,PH
441,Suraj,Paudel,,chito+134@burstsms.com,639709996265,burst,PH
442,Jo,Saunders,,chito+135@burstsms.com,639709996266,burst,PH
443,Connaugh,Sheehan,,chito+136@burstsms.com,639709996267,burst,PH
444,Kerrin,,,chito+137@burstsms.com,639709996268,burst,PH
445,Tanishka,Mishra,,chito+138@burstsms.com,639709996269,burst,PH
446,Rene,Cornford,,chito+139@burstsms.com,639709996270,burst,PH
447,Robert,,,chito+140@burstsms.com,639709996271,burst,PH
448,Herbert,,,chito+141@burstsms.com,639709996272,burst,PH
449,Joe,Mahony,,chito+142@burstsms.com,639709996273,burst,PH
450,Bree Andrijich,Andrijich,,chito+143@burstsms.com,639709996274,burst,PH
451,Bruce,Murphy,,chito+144@burstsms.com,639709996275,burst,PH
452,Muhammad,,,chito+145@burstsms.com,639709996276,burst,PH
453,Michelle Humphreys,,,chito+146@burstsms.com,639709996277,burst,PH
454,Inventors,,,chito+147@burstsms.com,639709996278,burst,PH
455,Deni,Curtis,,chito+148@burstsms.com,639709996279,burst,PH
456,Ian,Daniel,,chito+149@burstsms.com,639709996280,burst,PH
457,Ben,Simkin,,chito+150@burstsms.com,639709996281,burst,PH
458,Emily,,,chito+151@burstsms.com,639709996282,burst,PH
459,Matthew,,,chito+152@burstsms.com,639709996283,burst,PH
460,Harish,Sabnani,,chito+153@burstsms.com,639709996284,burst,PH
461,Troy,Navez,,chito+154@burstsms.com,639709996285,burst,PH
462,Simon,Lange,,chito+155@burstsms.com,639709996286,burst,PH
463,Richie,,,chito+156@burstsms.com,639709996287,burst,PH
464,Graeme,,,chito+157@burstsms.com,639709996288,burst,PH
465,Scott,Borcherdt,,chito+158@burstsms.com,639709996289,burst,PH
466,Alex,,,chito+159@burstsms.com,639709996290,burst,PH
467,Joe,Bartilotta,,chito+160@burstsms.com,639709996291,burst,PH
468,Olivia,,,chito+161@burstsms.com,639709996292,burst,PH
469,Casey,Brown,,chito+162@burstsms.com,639709996293,burst,PH
470,Alex,,,chito+163@burstsms.com,639709996294,burst,PH
471,Ash,Singh,,chito+164@burstsms.com,639709996295,burst,PH
472,Tanya,Novek,,chito+165@burstsms.com,639709996296,burst,PH
473,Catherine,,,chito+166@burstsms.com,639709996297,burst,PH
474,Chenky,,,chito+167@burstsms.com,639709996298,burst,PH
475,Jamie,Strathairn,,chito+168@burstsms.com,639709996299,burst,PH
476,Nate,,,chito+169@burstsms.com,639709996300,burst,PH
477,Jason,Finch,,chito+170@burstsms.com,639709996301,burst,PH
478,Wes,,,chito+171@burstsms.com,639709996302,burst,PH
479,Ben,Riley,,chito+172@burstsms.com,639709996303,burst,PH
480,Seda,Tunc,,chito+173@burstsms.com,639709996304,burst,PH
481,CAMILLE,HAGE,,chito+174@burstsms.com,639709996305,burst,PH
482,Natasha,Kollarik,,chito+175@burstsms.com,639709996306,burst,PH
483,Kerry,Shine,,chito+176@burstsms.com,639709996307,burst,PH
484,Ben,Laxton,,chito+177@burstsms.com,639709996308,burst,PH
485,Aiden,McIlduff,,chito+178@burstsms.com,639709996309,burst,PH
486,Akin,Ayoko,,chito+179@burstsms.com,639709996310,burst,PH
487,Luke Van De,Stadt,,chito+180@burstsms.com,639709996311,burst,PH
488,Sarah,Morice,,chito+181@burstsms.com,639709996312,burst,PH
489,John,Gabriel,,chito+182@burstsms.com,639709996313,burst,PH
490,Grace,,,chito+183@burstsms.com,639709996314,burst,PH
491,Liam,,,chito+184@burstsms.com,639709996315,burst,PH
492,Alan,,,chito+185@burstsms.com,639709996316,burst,PH
493,Gregory,,,chito+186@burstsms.com,639709996317,burst,PH
494,Thomas,Walsh,,chito+187@burstsms.com,639709996318,burst,PH
495,Paul,,,chito+188@burstsms.com,639709996319,burst,PH
496,Amanda,Forrest,,chito+189@burstsms.com,639709996320,burst,PH
497,Kelly,Tran,,chito+190@burstsms.com,639709996321,burst,PH
498,William,Kuang,,chito+191@burstsms.com,639709996322,burst,PH
499,Charlene,Camilleri,,chito+192@burstsms.com,639709996323,burst,PH
500,Jesse,Suhr,,chito+193@burstsms.com,639709996324,burst,PH
501,Darren,,,chito+194@burstsms.com,639709996325,burst,PH
502,Rhys,Hyatt,,chito+195@burstsms.com,639709996326,burst,PH
503,Al,Ghoniem,,chito+196@burstsms.com,639709996327,burst,PH
504,Jackie,,,chito+197@burstsms.com,639709996328,burst,PH
505,Mick,Chami,,chito+198@burstsms.com,639709996329,burst,PH
506,Rodrigo,Melo,,chito+199@burstsms.com,639709996330,burst,PH
507,Michelle,Barnard-Marks,,chito+200@burstsms.com,639709996331,burst,PH
508,Digvijay,,,chito+201@burstsms.com,639709996332,burst,PH
509,Diana,Uribe,,chito+202@burstsms.com,639709996333,burst,PH
510,NMB,,,chito+203@burstsms.com,639709996334,burst,PH
511,Tash,,,chito+204@burstsms.com,639709996335,burst,PH
512,Hampstead,Pharmacy,,chito+205@burstsms.com,639709996336,burst,PH
513,Alex,Fergus,,chito+206@burstsms.com,639709996337,burst,PH
514,Stuart,Muir,,chito+207@burstsms.com,639709996338,burst,PH
515,Liz,,,chito+208@burstsms.com,639709996339,burst,PH
516,Clodiagh,Fitzsimons,,chito+209@burstsms.com,639709996340,burst,PH
517,Chengfeng,ZHANG,,chito+210@burstsms.com,639709996341,burst,PH
518,Jeff,,,chito+211@burstsms.com,639709996342,burst,PH
519,Minal,,,chito+212@burstsms.com,639709996343,burst,PH
520,Greg,Bullard,,chito+213@burstsms.com,639709996344,burst,PH
521,Karmen,,,chito+214@burstsms.com,639709996345,burst,PH
522,Chris,Bateman,,chito+215@burstsms.com,639709996346,burst,PH
523,Bryony,OKane,,chito+216@burstsms.com,639709996347,burst,PH
524,Helen,,,chito+217@burstsms.com,639709996348,burst,PH
525,Peter,Garthwaite,,chito+218@burstsms.com,639709996349,burst,PH
526,Supun,Samarawickrama,,chito+219@burstsms.com,639709996350,burst,PH
527,Candy,,,chito+220@burstsms.com,639709996351,burst,PH
528,Hooman,,,chito+221@burstsms.com,639709996352,burst,PH
529,Muhammad,Shahid,,chito+222@burstsms.com,639709996353,burst,PH
530,Clive,Liebmann,,chito+223@burstsms.com,639709996354,burst,PH
531,Luke,,,chito+224@burstsms.com,639709996355,burst,PH
532,Glenn,,,chito+225@burstsms.com,639709996356,burst,PH
533,Andrew,,,chito+226@burstsms.com,639709996357,burst,PH
534,AllenSimpson,,,chito+227@burstsms.com,639709996358,burst,PH
535,Tam,Le,,chito+228@burstsms.com,639709996359,burst,PH
536,Graham,Bush,,chito+229@burstsms.com,639709996360,burst,PH
537,Angela,Flavian,,chito+230@burstsms.com,639709996361,burst,PH
538,Uyfy,Kjhg,,chito+231@burstsms.com,639709996362,burst,PH
539,Travel The,,,chito+232@burstsms.com,639709996363,burst,PH
540,Julie,Briggs,,chito+233@burstsms.com,639709996364,burst,PH
541,Luke,,,chito+234@burstsms.com,639709996365,burst,PH
542,Gomathi,Suresh,,chito+235@burstsms.com,639709996366,burst,PH
543,Emily,Crafter,,chito+236@burstsms.com,639709996367,burst,PH
544,Murray,,,chito+237@burstsms.com,639709996368,burst,PH
545,Paul,,,chito+238@burstsms.com,639709996369,burst,PH
546,Andrew,Howard,,chito+239@burstsms.com,639709996370,burst,PH
547,Christopher,Reeves,,chito+240@burstsms.com,639709996371,burst,PH
548,John,Lethbridge,,chito+241@burstsms.com,639709996372,burst,PH
549,Rhonda,Price,,chito+242@burstsms.com,639709996373,burst,PH
550,Antonia,,,chito+243@burstsms.com,639709996374,burst,PH
551,Evan,,,chito+244@burstsms.com,639709996375,burst,PH
552,Megan,,,chito+245@burstsms.com,639709996376,burst,PH
553,Steven,Keens,,chito+246@burstsms.com,639709996377,burst,PH
554,Toolies Tool,Specialists,,chito+247@burstsms.com,639709996378,burst,PH
555,Danielle,Theodore,,chito+248@burstsms.com,639709996379,burst,PH
556,Amy E,Kimmett,,chito+249@burstsms.com,639709996380,burst,PH
557,Todd,,,chito+250@burstsms.com,639709996381,burst,PH
558,Briella,Brown,,chito+251@burstsms.com,639709996382,burst,PH
559,Norman.,,,chito+252@burstsms.com,639709996383,burst,PH
560,Kristal,Seaborne,,chito+253@burstsms.com,639709996384,burst,PH
561,Oliver,Houston,,chito+254@burstsms.com,639709996385,burst,PH
562,Claire,Murray-Fulton,,chito+255@burstsms.com,639709996386,burst,PH
563,Scott,Chamney,,chito+256@burstsms.com,639709996387,burst,PH
564,Ke,,,chito+257@burstsms.com,639709996388,burst,PH
565,Lauren,,,chito+258@burstsms.com,639709996389,burst,PH
566,Brett,Bowman,,chito+259@burstsms.com,639709996390,burst,PH
567,Zane,Wilson,,chito+260@burstsms.com,639709996391,burst,PH
568,Rohan,,,chito+261@burstsms.com,639709996392,burst,PH
569,Barry,,,chito+262@burstsms.com,639709996393,burst,PH
570,Kassandra,,,chito+263@burstsms.com,639709996394,burst,PH
571,Eamon,,,chito+264@burstsms.com,639709996395,burst,PH
572,Andrew,Joyce,,chito+265@burstsms.com,639709996396,burst,PH
573,Maria,,,chito+266@burstsms.com,639709996397,burst,PH
574,Joe,,,chito+267@burstsms.com,639709996398,burst,PH
575,Sarel,Roets,,chito+268@burstsms.com,639709996399,burst,PH
576,LECHA JOSEPH,KHOURI,,chito+269@burstsms.com,639709996400,burst,PH
577,Eve,Mizzi,,chito+270@burstsms.com,639709996401,burst,PH
578,Dean,Justice,,chito+271@burstsms.com,639709996402,burst,PH
579,Louisa,,,chito+272@burstsms.com,639709996403,burst,PH
580,Erin,,,chito+273@burstsms.com,639709996404,burst,PH
581,Christian,Drysdale,,chito+274@burstsms.com,639709996405,burst,PH
582,Caroline,Mitchell,,chito+275@burstsms.com,639709996406,burst,PH
583,Jacky,Chan,,chito+276@burstsms.com,639709996407,burst,PH
584,Credit Counsellors,Australia,,chito+277@burstsms.com,639709996408,burst,PH
585,Annop,Sangpoowong,,chito+278@burstsms.com,639709996409,burst,PH
586,Harshit,Sekhon,,chito+279@burstsms.com,639709996410,burst,PH
587,Laura,,,chito+280@burstsms.com,639709996411,burst,PH
588,Sam,,,chito+281@burstsms.com,639709996412,burst,PH
589,Shahzaib,,,chito+282@burstsms.com,639709996413,burst,PH
590,Prince,Pahal,,chito+283@burstsms.com,639709996414,burst,PH
591,James,Mackay,,chito+284@burstsms.com,639709996415,burst,PH
592,Kellie,Balisson,,chito+285@burstsms.com,639709996416,burst,PH
593,Cesar,Anonuevo,,chito+286@burstsms.com,639709996417,burst,PH
594,Prajesh,,,chito+287@burstsms.com,639709996418,burst,PH
595,Dapeng,Zhang,,chito+288@burstsms.com,639709996419,burst,PH
596,Joseph,,,chito+289@burstsms.com,639709996420,burst,PH
597,CSM,,,chito+290@burstsms.com,639709996421,burst,PH
598,Brendan,,,chito+291@burstsms.com,639709996422,burst,PH
599,Jeffery,Fernandez,,chito+292@burstsms.com,639709996423,burst,PH
600,Kunyi,,,chito+293@burstsms.com,639709996424,burst,PH
601,Mittal,,,chito+294@burstsms.com,639709996425,burst,PH
602,Brodie,,,chito+295@burstsms.com,639709996426,burst,PH
603,Mx,,,chito+296@burstsms.com,639709996427,burst,PH
604,Systems,Adminstrator,,chito+297@burstsms.com,639709996428,burst,PH
605,Amila,,,chito+298@burstsms.com,639709996429,burst,PH
606,Robbie,Mckinnon,,chito+299@burstsms.com,639709996430,burst,PH
607,Blair,,,chito+300@burstsms.com,639709996431,burst,PH
608,Lisa,Scott,,chito+301@burstsms.com,639709996432,burst,PH
609,Peter,,,chito+302@burstsms.com,639709996433,burst,PH
610,Vin,,,chito+303@burstsms.com,639709996434,burst,PH
611,Sam,,,chito+304@burstsms.com,639709996435,burst,PH
612,Sam,,,chito+305@burstsms.com,639709996436,burst,PH
613,Stephanie,,,chito+306@burstsms.com,639709996437,burst,PH
614,Mary,Langenkamp,,chito+307@burstsms.com,639709996438,burst,PH
615,Matthew,Connors,,chito+308@burstsms.com,639709996439,burst,PH
616,Hassan,Sattar,,chito+309@burstsms.com,639709996440,burst,PH
617,Darren,Chadwick,,chito+310@burstsms.com,639709996441,burst,PH
618,Adam,,,chito+311@burstsms.com,639709996442,burst,PH
619,Doug,,,chito+312@burstsms.com,639709996443,burst,PH
620,QUT INTERNATIONAL,COLLEGE,,chito+313@burstsms.com,639709996444,burst,PH
621,Jessica,Phillips,,chito+314@burstsms.com,639709996445,burst,PH
622,Sam,,,chito+315@burstsms.com,639709996446,burst,PH
623,Giro,Maurici,,chito+316@burstsms.com,639709996447,burst,PH
624,Marc,Loney,,chito+317@burstsms.com,639709996448,burst,PH
625,James,,,chito+318@burstsms.com,639709996449,burst,PH
626,Tim,Honan,,chito+319@burstsms.com,639709996450,burst,PH
627,Thomas,Walsh,,chito+320@burstsms.com,639709996451,burst,PH
628,Frank,,,chito+321@burstsms.com,639709996452,burst,PH
629,LI,,,chito+322@burstsms.com,639709996453,burst,PH
630,Vikram,,,chito+323@burstsms.com,639709996454,burst,PH
631,Sarit,,,chito+324@burstsms.com,639709996455,burst,PH
632,Yangyang,,,chito+325@burstsms.com,639709996456,burst,PH
633,Danny,,,chito+326@burstsms.com,639709996457,burst,PH
634,Ashley,,,chito+327@burstsms.com,639709996458,burst,PH
635,Hey,Mate,,chito+328@burstsms.com,639709996459,burst,PH
636,John,Naylor,,chito+329@burstsms.com,639709996460,burst,PH
637,Aesthetic Pty,,,chito+330@burstsms.com,639709996461,burst,PH
638,Ina,,,chito+331@burstsms.com,639709996462,burst,PH
639,Nimendra,Pethiyagoda,,chito+332@burstsms.com,639709996463,burst,PH
640,Dhs,,,chito+333@burstsms.com,639709996464,burst,PH
641,Paula,Sims,,chito+334@burstsms.com,639709996465,burst,PH
642,Daniela,Dargan,,chito+335@burstsms.com,639709996466,burst,PH
643,Marina,Bally,,chito+336@burstsms.com,639709996467,burst,PH
644,Dimitry,Nihalraj,,chito+337@burstsms.com,639709996468,burst,PH
645,Chris,Van,,chito+338@burstsms.com,639709996469,burst,PH
646,Jay,,,chito+339@burstsms.com,639709996470,burst,PH
647,Katherine,Bibik,,chito+340@burstsms.com,639709996471,burst,PH
648,Tim,Davies,,chito+341@burstsms.com,639709996472,burst,PH
649,Todd,Cresp,,chito+342@burstsms.com,639709996473,burst,PH
650,Ttobie,A,,chito+343@burstsms.com,639709996474,burst,PH
651,Brett,,,chito+344@burstsms.com,639709996475,burst,PH
652,Tracey,He,,chito+345@burstsms.com,639709996476,burst,PH
653,Fanjiang,,,chito+346@burstsms.com,639709996477,burst,PH
654,Laurence Mark,Winston,,chito+347@burstsms.com,639709996478,burst,PH
655,Caitlin,Watson,,chito+348@burstsms.com,639709996479,burst,PH
656,Rajat,,,chito+349@burstsms.com,639709996480,burst,PH
657,Steven,Pantic,,chito+350@burstsms.com,639709996481,burst,PH
658,Chris,,,chito+351@burstsms.com,639709996482,burst,PH
659,Paul-Anthony,,,chito+352@burstsms.com,639709996483,burst,PH
660,Gehan,Hanna,,chito+353@burstsms.com,639709996484,burst,PH
661,Alexandra,Green,,chito+354@burstsms.com,639709996485,burst,PH
662,Kristian,,,chito+355@burstsms.com,639709996486,burst,PH
663,Wasim,Shaikh,,chito+356@burstsms.com,639709996487,burst,PH
664,Network,Administrator,,chito+357@burstsms.com,639709996488,burst,PH
665,Matt,,,chito+358@burstsms.com,639709996489,burst,PH
666,Tommy,,,chito+359@burstsms.com,639709996490,burst,PH
667,Callan,Robertson,,chito+360@burstsms.com,639709996491,burst,PH
668,Tom,Savige,,chito+361@burstsms.com,639709996492,burst,PH
669,Bhupendra,,,chito+362@burstsms.com,639709996493,burst,PH
670,Maria Shelly,,,chito+363@burstsms.com,639709996494,burst,PH
671,Evolution Hospitalit,Institute,,chito+364@burstsms.com,639709996495,burst,PH
672,Brad,,,chito+365@burstsms.com,639709996496,burst,PH
673,StepCare Blackdog,Institute,,chito+366@burstsms.com,639709996497,burst,PH
674,Blake,,,chito+367@burstsms.com,639709996498,burst,PH
675,P. Di Natale Pty Ltd,,,chito+368@burstsms.com,639709996499,burst,PH
676,Damian,Robson,,chito+369@burstsms.com,639709996500,burst,PH
677,Sarah,Nilsen,,chito+370@burstsms.com,639709996501,burst,PH
678,Ho Kyu,,,chito+371@burstsms.com,639709996502,burst,PH
679,Tim,Andrews,,chito+372@burstsms.com,639709996503,burst,PH
680,Tangya,,,chito+373@burstsms.com,639709996504,burst,PH
681,Will,Phillips,,chito+374@burstsms.com,639709996505,burst,PH
682,Tim,Shapter,,chito+375@burstsms.com,639709996506,burst,PH
683,Jackvanlawick,,,chito+376@burstsms.com,639709996507,burst,PH
684,Yip,Wong,,chito+377@burstsms.com,639709996508,burst,PH
685,Songmei,ZHong,,chito+378@burstsms.com,639709996509,burst,PH
686,Shalini,Suby,,chito+379@burstsms.com,639709996510,burst,PH
687,Harsish,Naidu,,chito+380@burstsms.com,639709996511,burst,PH
688,Peter,,,chito+381@burstsms.com,639709996512,burst,PH
689,George,Bodunski,,chito+382@burstsms.com,639709996513,burst,PH
690,Duy,Le,,chito+383@burstsms.com,639709996514,burst,PH
691,Navneet,Ganesh,,chito+384@burstsms.com,639709996515,burst,PH
692,Mehreen,Faruqi,,chito+385@burstsms.com,639709996516,burst,PH
693,Rob,Walker,,chito+386@burstsms.com,639709996517,burst,PH
694,Greg,,,chito+387@burstsms.com,639709996518,burst,PH
695,Tilan,Chamara,,chito+388@burstsms.com,639709996519,burst,PH
696,Admin,,,chito+389@burstsms.com,639709996520,burst,PH
697,Ian,Cook,,chito+390@burstsms.com,639709996521,burst,PH
698,TQ,,,chito+391@burstsms.com,639709996522,burst,PH
699,David,Pryce,,chito+392@burstsms.com,639709996523,burst,PH
700,Michael,Munday,,chito+393@burstsms.com,639709996524,burst,PH
701,Ammar,Ahmed,,chito+394@burstsms.com,639709996525,burst,PH
702,Babar,Ali,,chito+395@burstsms.com,639709996526,burst,PH
703,Charmaine,,,chito+396@burstsms.com,639709996527,burst,PH
704,Bris,Foudanini,,chito+397@burstsms.com,639709996528,burst,PH
705,Charlie,,,chito+398@burstsms.com,639709996529,burst,PH
706,Sam,,,chito+399@burstsms.com,639709996530,burst,PH
707,Onkar,,,chito+400@burstsms.com,639709996531,burst,PH
708,Alastair,,,chito+401@burstsms.com,639709996532,burst,PH
709,Ian,,,chito+402@burstsms.com,639709996533,burst,PH
710,James,Cook,,chito+403@burstsms.com,639709996534,burst,PH
711,David,,,chito+404@burstsms.com,639709996535,burst,PH
712,Dussy,Kuttner,,chito+405@burstsms.com,639709996536,burst,PH
713,Ruby,,,chito+406@burstsms.com,639709996537,burst,PH
714,Samantha,,,chito+407@burstsms.com,639709996538,burst,PH
715,Wei,Shan,,chito+408@burstsms.com,639709996539,burst,PH
716,Ranjit,,,chito+409@burstsms.com,639709996540,burst,PH
717,Rhiannon,,,chito+410@burstsms.com,639709996541,burst,PH
718,David Geoffrey,Freeburn,,chito+411@burstsms.com,639709996542,burst,PH
719,Sarah,Reid,,chito+412@burstsms.com,639709996543,burst,PH
720,Alan,Perez,,chito+413@burstsms.com,639709996544,burst,PH
721,IT,Support!,,chito+414@burstsms.com,639709996545,burst,PH
722,Joanne,,,chito+415@burstsms.com,639709996546,burst,PH
723,Venkatraman,Annadasu,,chito+416@burstsms.com,639709996547,burst,PH
724,Arnold,Bugtas,,chito+417@burstsms.com,639709996548,burst,PH
725,James,Black,,chito+418@burstsms.com,639709996549,burst,PH
726,Kash,Aust,,chito+419@burstsms.com,639709996550,burst,PH
727,Bill,,,chito+420@burstsms.com,639709996551,burst,PH
728,Katrina,Hogarth,,chito+421@burstsms.com,639709996552,burst,PH
729,Lachlan,McAlister,,chito+422@burstsms.com,639709996553,burst,PH
730,Richard,Doyle,,chito+423@burstsms.com,639709996554,burst,PH
731,Sandeep,Doshila,,chito+424@burstsms.com,639709996555,burst,PH
732,Fab,,,chito+425@burstsms.com,639709996556,burst,PH
733,Lockhart Anglers Clu,,,chito+426@burstsms.com,639709996557,burst,PH
734,Julian,Catton,,chito+427@burstsms.com,639709996558,burst,PH
735,Hgv,Gfrf,,chito+428@burstsms.com,639709996559,burst,PH
736,David,Mooney,,chito+429@burstsms.com,639709996560,burst,PH
737,Sarah,Hall,,chito+430@burstsms.com,639709996561,burst,PH
738,Adam,Scott,,chito+431@burstsms.com,639709996562,burst,PH
739,Caleb,Donald,,chito+432@burstsms.com,639709996563,burst,PH
740,Dainty Group,,,chito+433@burstsms.com,639709996564,burst,PH
741,Luke,Saville,,chito+434@burstsms.com,639709996565,burst,PH
742,Mark,Neveceral,,chito+435@burstsms.com,639709996566,burst,PH
743,Daniel,,,chito+436@burstsms.com,639709996567,burst,PH
744,Margarita De,,,chito+437@burstsms.com,639709996568,burst,PH
745,J.,,,chito+438@burstsms.com,639709996569,burst,PH
746,Karen,,,chito+439@burstsms.com,639709996570,burst,PH
747,Joe,,,chito+440@burstsms.com,639709996571,burst,PH
748,Lisa,Smith,,chito+441@burstsms.com,639709996572,burst,PH
749,Anthony,Manning,,chito+442@burstsms.com,639709996573,burst,PH
750,Walter,,,chito+443@burstsms.com,639709996574,burst,PH
751,Chris,White,,chito+444@burstsms.com,639709996575,burst,PH
752,Kate,,,chito+445@burstsms.com,639709996576,burst,PH
753,Tracey,Voice,,chito+446@burstsms.com,639709996577,burst,PH
754,Jpg,,,chito+447@burstsms.com,639709996578,burst,PH
755,Dan,Field,,chito+448@burstsms.com,639709996579,burst,PH
756,Rob,Jones,,chito+449@burstsms.com,639709996580,burst,PH
757,Tobias,,,chito+450@burstsms.com,639709996581,burst,PH
758,Glen,Erickson,,chito+451@burstsms.com,639709996582,burst,PH
759,Louise,Chandradjaya,,chito+452@burstsms.com,639709996583,burst,PH
760,Nicole,,,chito+453@burstsms.com,639709996584,burst,PH
761,Daryl,Coxon,,chito+454@burstsms.com,639709996585,burst,PH
762,Richard,,,chito+455@burstsms.com,639709996586,burst,PH
763,Ryan,McGovern,,chito+456@burstsms.com,639709996587,burst,PH
764,Reiner,Cruz,,chito+457@burstsms.com,639709996588,burst,PH
765,James,Shirreff,,chito+458@burstsms.com,639709996589,burst,PH
766,Concierge,,,chito+459@burstsms.com,639709996590,burst,PH
767,PETER,,,chito+460@burstsms.com,639709996591,burst,PH
768,Marrickville,Docs,,chito+461@burstsms.com,639709996592,burst,PH
769,Matthew,,,chito+462@burstsms.com,639709996593,burst,PH
770,Jonathan,,,chito+463@burstsms.com,639709996594,burst,PH
771,Orchard,Tech,,chito+464@burstsms.com,639709996595,burst,PH
772,David van den,Bovenkamp,,chito+465@burstsms.com,639709996596,burst,PH
773,Skye,,,chito+466@burstsms.com,639709996597,burst,PH
774,Deane,Crabb,,chito+467@burstsms.com,639709996598,burst,PH
775,Katie,Moses,,chito+468@burstsms.com,639709996599,burst,PH
776,James,,,chito+469@burstsms.com,639709996600,burst,PH
777,Alex,,,chito+470@burstsms.com,639709996601,burst,PH
778,Amanda,Brook,,chito+471@burstsms.com,639709996602,burst,PH
779,Patrick,Lazaro,,chito+472@burstsms.com,639709996603,burst,PH
780,John,Stylianou,,chito+473@burstsms.com,639709996604,burst,PH
781,Aaron,,,chito+474@burstsms.com,639709996605,burst,PH
782,Chris,Bowden,,chito+475@burstsms.com,639709996606,burst,PH
783,Janice,Paynter,,chito+476@burstsms.com,639709996607,burst,PH
784,Micheal,Barsha,,chito+477@burstsms.com,639709996608,burst,PH
785,Amy,Slattery,,chito+478@burstsms.com,639709996609,burst,PH
786,Jason,Smith,,chito+479@burstsms.com,639709996610,burst,PH
787,Felicity,Nolen,,chito+480@burstsms.com,639709996611,burst,PH
788,Jennifer,McKenzie,,chito+481@burstsms.com,639709996612,burst,PH
789,Elysia,Delaine,,chito+482@burstsms.com,639709996613,burst,PH
790,Kim,Long,,chito+483@burstsms.com,639709996614,burst,PH
791,JAMIE,,,chito+484@burstsms.com,639709996615,burst,PH
792,Robert,,,chito+485@burstsms.com,639709996616,burst,PH
793,Lee Di,,,chito+486@burstsms.com,639709996617,burst,PH
794,Michael,,,chito+487@burstsms.com,639709996618,burst,PH
795,Catherine,Price,,chito+488@burstsms.com,639709996619,burst,PH
796,Amy,Towers,,chito+489@burstsms.com,639709996620,burst,PH
797,Christopher,,,chito+490@burstsms.com,639709996621,burst,PH
798,STEVE,WILCOX,,chito+491@burstsms.com,639709996622,burst,PH
799,Natalie,,,chito+492@burstsms.com,639709996623,burst,PH
800,Kain,Wong,,chito+493@burstsms.com,639709996624,burst,PH
801,Jamie,Lang,,chito+494@burstsms.com,639709996625,burst,PH
802,Daniel,Murphy,,chito+495@burstsms.com,639709996626,burst,PH
803,Alex,,,chito+496@burstsms.com,639709996627,burst,PH
804,Con,Collios,,chito+497@burstsms.com,639709996628,burst,PH
805,Rod,,,chito+498@burstsms.com,639709996629,burst,PH
806,Mark,Kelava,,chito+499@burstsms.com,639709996629,burst,PH